"금연구역명",금연구역범위상세,시도명,시군구명,금연구역구분,금연구역지정근거명,금연구역면적,위반과태료,위반신고전화번호,소재지도로명주소,소재지지번주소,관리기관명,위도,경도,데이터기준일자
"압구정중학교",출입문으로부터 직선거리 50m까지,서울특별시,강남구,학교정화구역,서울특별시 강남구 금연환경 조성 및 간접흡연 피해방지 조례 제5조,,100000,02-3423-7115,서울특별시 강남구 압구정로 225,,서울특별시 강남구청,37.5302105,127.0330038,2020-08-16
"언북중학교",출입문으로부터 직선거리 50m까지,서울특별시,강남구,학교정화구역,서울특별시 강남구 금연환경 조성 및 간접흡연 피해방지 조례 제5조,,100000,02-3423-7115,서울특별시 강남구 도산대로38길 27,,서울특별시 강남구청,37.51942711,127.0331257,2020-08-16
"언주중학교",출입문으로부터 직선거리 50m까지,서울특별시,강남구,학교정화구역,서울특별시 강남구 금연환경 조성 및 간접흡연 피해방지 조례 제5조,,100000,02-3423-7115,서울특별시 강남구 선릉로116길 57,,서울특별시 강남구청,37.51465442,127.0466835,2020-08-16
"역삼중학교",출입문으로부터 직선거리 50m까지,서울특별시,강남구,학교정화구역,서울특별시 강남구 금연환경 조성 및 간접흡연 피해방지 조례 제5조,,100000,02-3423-7115,서울특별시 강남구 도곡로43길 10,,서울특별시 강남구청,37.49593424,127.0488928,2020-08-16
"은성중학교",출입문으로부터 직선거리 50m까지,서울특별시,강남구,학교정화구역,서울특별시 강남구 금연환경 조성 및 간접흡연 피해방지 조례 제5조,,100000,02-3423-7115,서울특별시 강남구 남부순환로359길 36,,서울특별시 강남구청,37.48837785,127.0352333,2020-08-16
"중동중학교",출입문으로부터 직선거리 50m까지,서울특별시,강남구,학교정화구역,서울특별시 강남구 금연환경 조성 및 간접흡연 피해방지 조례 제5조,,100000,02-3423-7115,서울특별시 강남구 일원로8길 37,,서울특별시 강남구청,37.48851553,127.0786207,2020-08-16
"진선여자중학교",출입문으로부터 직선거리 50m까지,서울특별시,강남구,학교정화구역,서울특별시 강남구 금연환경 조성 및 간접흡연 피해방지 조례 제5조,,100000,02-3423-7115,서울특별시 강남구 선릉로85길 27,,서울특별시 강남구청,37.5023028,127.0482862,2020-08-16
"청담중학교",출입문으로부터 직선거리 50m까지,서울특별시,강남구,학교정화구역,서울특별시 강남구 금연환경 조성 및 간접흡연 피해방지 조례 제5조,,100000,02-3423-7115,서울특별시 강남구 압구정로61길 36,,서울특별시 강남구청,37.52866033,127.0448097,2020-08-16
"휘문중학교",출입문으로부터 직선거리 50m까지,서울특별시,강남구,학교정화구역,서울특별시 강남구 금연환경 조성 및 간접흡연 피해방지 조례 제5조,,100000,02-3423-7115,서울특별시 강남구 역삼로 541,,서울특별시 강남구청,37.50528774,127.0619956,2020-08-16
"국악중학교",출입문으로부터 직선거리 50m까지,서울특별시,강남구,학교정화구역,서울특별시 강남구 금연환경 조성 및 간접흡연 피해방지 조례 제5조,,100000,02-3423-7115,서울특별시 강남구 개포로22길 65,,서울특별시 강남구청,37.4762299,127.0514757,2020-08-16
"개포고등학교",출입문으로부터 직선거리 50m까지,서울특별시,강남구,학교정화구역,서울특별시 강남구 금연환경 조성 및 간접흡연 피해방지 조례 제5조,,100000,02-3423-7115,서울특별시 강남구 개포로 402,,서울특별시 강남구청,37.48495876,127.0594054,2020-08-16
"경기고등학교",출입문으로부터 직선거리 50m까지,서울특별시,강남구,학교정화구역,서울특별시 강남구 금연환경 조성 및 간접흡연 피해방지 조례 제5조,,100000,02-3423-7115,서울특별시 강남구 영동대로 643,,서울특별시 강남구청,37.51756598,127.0560739,2020-08-16
"경기여자고등학교",출입문으로부터 직선거리 50m까지,서울특별시,강남구,학교정화구역,서울특별시 강남구 금연환경 조성 및 간접흡연 피해방지 조례 제5조,,100000,02-3423-7115,서울특별시 강남구 삼성로 29,,서울특별시 강남구청,37.48691615,127.0654539,2020-08-16
"단국대학교사범대학부속고등학교",출입문으로부터 직선거리 50m까지,서울특별시,강남구,학교정화구역,서울특별시 강남구 금연환경 조성 및 간접흡연 피해방지 조례 제5조,,100000,02-3423-7115,서울특별시 강남구 도곡로78길 22,,서울특별시 강남구청,37.49663609,127.0588507,2020-08-16
"서울세종고등학교",출입문으로부터 직선거리 50m까지,서울특별시,강남구,학교정화구역,서울특별시 강남구 금연환경 조성 및 간접흡연 피해방지 조례 제5조,,100000,02-3423-7115,서울특별시 강남구 광평로51길 36,,서울특별시 강남구청,37.4903266,127.1027988,2020-08-16
"숙명여자고등학교",출입문으로부터 직선거리 50m까지,서울특별시,강남구,학교정화구역,서울특별시 강남구 금연환경 조성 및 간접흡연 피해방지 조례 제5조,,100000,02-3423-7115,서울특별시 강남구 남부순환로 2807,,서울특별시 강남구청,37.49147446,127.0526124,2020-08-16
"압구정고등학교",출입문으로부터 직선거리 50m까지,서울특별시,강남구,학교정화구역,서울특별시 강남구 금연환경 조성 및 간접흡연 피해방지 조례 제5조,,100000,02-3423-7115,서울특별시 강남구 압구정로39길 20,,서울특별시 강남구청,37.5311729,127.0327101,2020-08-16
"영동고등학교",출입문으로부터 직선거리 50m까지,서울특별시,강남구,학교정화구역,서울특별시 강남구 금연환경 조성 및 간접흡연 피해방지 조례 제5조,,100000,02-3423-7115,서울특별시 강남구 선릉로 742,,서울특별시 강남구청,37.52138784,127.0437374,2020-08-16
"은광여자고등학교",출입문으로부터 직선거리 50m까지,서울특별시,강남구,학교정화구역,서울특별시 강남구 금연환경 조성 및 간접흡연 피해방지 조례 제5조,,100000,02-3423-7115,서울특별시 강남구 남부순환로359길 36,,서울특별시 강남구청,37.48837785,127.0352333,2020-08-16
"중동고등학교",출입문으로부터 직선거리 50m까지,서울특별시,강남구,학교정화구역,서울특별시 강남구 금연환경 조성 및 간접흡연 피해방지 조례 제5조,,100000,02-3423-7115,서울특별시 강남구 일원로 7,,서울특별시 강남구청,37.49371459,127.0809111,2020-08-16
"중산고등학교",출입문으로부터 직선거리 50m까지,서울특별시,강남구,학교정화구역,서울특별시 강남구 금연환경 조성 및 간접흡연 피해방지 조례 제5조,,100000,02-3423-7115,서울특별시 강남구 일원로14길 22,,서울특별시 강남구청,37.48574212,127.0814271,2020-08-16
"중앙대학교사범대학부속고등학교",출입문으로부터 직선거리 50m까지,서울특별시,강남구,학교정화구역,서울특별시 강남구 금연환경 조성 및 간접흡연 피해방지 조례 제5조,,100000,02-3423-7115,서울특별시 강남구 선릉로 207,,서울특별시 강남구청,37.4919416,127.0521317,2020-08-16
"진선여자고등학교",출입문으로부터 직선거리 50m까지,서울특별시,강남구,학교정화구역,서울특별시 강남구 금연환경 조성 및 간접흡연 피해방지 조례 제5조,,100000,02-3423-7115,서울특별시 강남구 선릉로85길 27,,서울특별시 강남구청,37.5023028,127.0482862,2020-08-16
"청담고등학교",출입문으로부터 직선거리 50m까지,서울특별시,강남구,학교정화구역,서울특별시 강남구 금연환경 조성 및 간접흡연 피해방지 조례 제5조,,100000,02-3423-7115,서울특별시 강남구 압구정로 419,,서울특별시 강남구청,37.52800121,127.0437006,2020-08-16
"현대고등학교",출입문으로부터 직선거리 50m까지,서울특별시,강남구,학교정화구역,서울특별시 강남구 금연환경 조성 및 간접흡연 피해방지 조례 제5조,,100000,02-3423-7115,서울특별시 강남구 압구정로 127,,서울특별시 강남구청,37.52548077,127.0223767,2020-08-16
"휘문고등학교",출입문으로부터 직선거리 50m까지,서울특별시,강남구,학교정화구역,서울특별시 강남구 금연환경 조성 및 간접흡연 피해방지 조례 제5조,,100000,02-3423-7115,서울특별시 강남구 역삼로 541,,서울특별시 강남구청,37.50528774,127.0619956,2020-08-16
"단국공업고등학교",출입문으로부터 직선거리 50m까지,서울특별시,강남구,학교정화구역,서울특별시 강남구 금연환경 조성 및 간접흡연 피해방지 조례 제5조,,100000,02-3423-7115,서울특별시 강남구 도곡로78길 22,,서울특별시 강남구청,37.49663609,127.0588507,2020-08-16
"대진디자인고등학교",출입문으로부터 직선거리 50m까지,서울특별시,강남구,학교정화구역,서울특별시 강남구 금연환경 조성 및 간접흡연 피해방지 조례 제5조,,100000,02-3423-7115,서울특별시 강남구 광평로39길 93,,서울특별시 강남구청,37.4904401,127.0959782,2020-08-16
"서울로봇고등학교",출입문으로부터 직선거리 50m까지,서울특별시,강남구,학교정화구역,서울특별시 강남구 금연환경 조성 및 간접흡연 피해방지 조례 제5조,,100000,02-3423-7115,서울특별시 강남구 광평로20길 63,,서울특별시 강남구청,37.4807426,127.0845783,2020-08-16
"수도전기공업고등학교",출입문으로부터 직선거리 50m까지,서울특별시,강남구,학교정화구역,서울특별시 강남구 금연환경 조성 및 간접흡연 피해방지 조례 제5조,,100000,02-3423-7115,서울특별시 강남구 개포로 410,,서울특별시 강남구청,37.48493808,127.0644798,2020-08-16
"국악고등학교",출입문으로부터 직선거리 50m까지,서울특별시,강남구,학교정화구역,서울특별시 강남구 금연환경 조성 및 간접흡연 피해방지 조례 제5조,,100000,02-3423-7115,서울특별시 강남구 개포로22길 65,,서울특별시 강남구청,37.4762299,127.0514757,2020-08-16
"밀알학교",출입문으로부터 직선거리 50m까지,서울특별시,강남구,학교정화구역,서울특별시 강남구 금연환경 조성 및 간접흡연 피해방지 조례 제5조,,100000,02-3423-7115,서울특별시 강남구 일원로 90,,서울특별시 강남구청,37.48578132,127.0820739,2020-08-16
"서울정애학교",출입문으로부터 직선거리 50m까지,서울특별시,강남구,학교정화구역,서울특별시 강남구 금연환경 조성 및 간접흡연 피해방지 조례 제5조,,100000,02-3423-7115,서울특별시 강남구 봉은사로81길 16,,서울특별시 강남구청,37.5143628,127.054425,2020-08-16
"서울개원초등학교",출입문으로부터 직선거리 50m까지,서울특별시,강남구,학교정화구역,서울특별시 강남구 금연환경 조성 및 간접흡연 피해방지 조례 제5조,,100000,02-3423-7115,서울특별시 강남구 선릉로 29,,서울특별시 강남구청,37.48161815,127.0587379,2020-08-16
"서울개일초등학교",출입문으로부터 직선거리 50m까지,서울특별시,강남구,학교정화구역,서울특별시 강남구 금연환경 조성 및 간접흡연 피해방지 조례 제5조,,100000,02-3423-7115,서울특별시 강남구 개포로 401,,서울특별시 강남구청,37.48621378,127.057776,2020-08-16
"서울개포초등학교",출입문으로부터 직선거리 50m까지,서울특별시,강남구,학교정화구역,서울특별시 강남구 금연환경 조성 및 간접흡연 피해방지 조례 제5조,,100000,02-3423-7115,서울특별시 강남구 영동대로3길 45,,서울특별시 강남구청,37.48680544,127.0699766,2020-08-16
"서울구룡초등학교",출입문으로부터 직선거리 50m까지,서울특별시,강남구,학교정화구역,서울특별시 강남구 금연환경 조성 및 간접흡연 피해방지 조례 제5조,,100000,02-3423-7115,서울특별시 강남구 개포로 263,,서울특별시 강남구청,37.48119613,127.051773,2020-08-16
"서울율현초등학교",출입문으로부터 직선거리 50m까지,서울특별시,강남구,학교정화구역,서울특별시 강남구 금연환경 조성 및 간접흡연 피해방지 조례 제5조,,100000,02-3423-7115,서울특별시 강남구 밤고개로21길 15,,서울특별시 강남구청,37.47455888,127.1082669,2020-08-16
"서울자곡초등학교",출입문으로부터 직선거리 50m까지,서울특별시,강남구,학교정화구역,서울특별시 강남구 금연환경 조성 및 간접흡연 피해방지 조례 제5조,,100000,02-3423-7115,서울특별시 강남구 자곡로 150,,서울특별시 강남구청,37.47219144,127.0996008977,2020-08-16
"서울논현초등학교",출입문으로부터 직선거리 50m까지,서울특별시,강남구,학교정화구역,서울특별시 강남구 금연환경 조성 및 간접흡연 피해방지 조례 제5조,,100000,02-3423-7115,서울특별시 강남구 강남대로120길 33,,서울특별시 강남구청,37.50849066,127.0262217,2020-08-16
"서울대곡초등학교",출입문으로부터 직선거리 50m까지,서울특별시,강남구,학교정화구역,서울특별시 강남구 금연환경 조성 및 간접흡연 피해방지 조례 제5조,,100000,02-3423-7115,서울특별시 강남구 남부순환로 3022,,서울특별시 강남구청,37.49471191,127.0650265,2020-08-16
"서울대모초등학교",출입문으로부터 직선거리 50m까지,서울특별시,강남구,학교정화구역,서울특별시 강남구 금연환경 조성 및 간접흡연 피해방지 조례 제5조,,100000,02-3423-7115,서울특별시 강남구 광평로20길 27,,서울특별시 강남구청,37.48059953,127.0859937,2020-08-16
"서울대왕초등학교",출입문으로부터 직선거리 50m까지,서울특별시,강남구,학교정화구역,서울특별시 강남구 금연환경 조성 및 간접흡연 피해방지 조례 제5조,,100000,02-3423-7115,서울특별시 강남구 헌릉로618길 8,,서울특별시 강남구청,37.46462136,127.1055895,2020-08-16
"서울대진초등학교",출입문으로부터 직선거리 50m까지,서울특별시,강남구,학교정화구역,서울특별시 강남구 금연환경 조성 및 간접흡연 피해방지 조례 제5조,,100000,02-3423-7115,서울특별시 강남구 개포로109길 74,,서울특별시 강남구청,37.4970272,127.0780785,2020-08-16
"서울대청초등학교",출입문으로부터 직선거리 50m까지,서울특별시,강남구,학교정화구역,서울특별시 강남구 금연환경 조성 및 간접흡연 피해방지 조례 제5조,,100000,02-3423-7115,서울특별시 강남구 양재대로55길 28,,서울특별시 강남구청,37.4931172,127.0877676,2020-08-16
"서울대치초등학교",출입문으로부터 직선거리 50m까지,서울특별시,강남구,학교정화구역,서울특별시 강남구 금연환경 조성 및 간접흡연 피해방지 조례 제5조,,100000,02-3423-7115,서울특별시 강남구 양재천로 363,,서울특별시 강남구청,37.49127879,127.0621966,2020-08-16
"서울대현초등학교",출입문으로부터 직선거리 50m까지,서울특별시,강남구,학교정화구역,서울특별시 강남구 금연환경 조성 및 간접흡연 피해방지 조례 제5조,,100000,02-3423-7115,서울특별시 강남구 역삼로98길 16,,서울특별시 강남구청,37.50372276,127.063564,2020-08-16
"서울도곡초등학교",출입문으로부터 직선거리 50m까지,서울특별시,강남구,학교정화구역,서울특별시 강남구 금연환경 조성 및 간접흡연 피해방지 조례 제5조,,100000,02-3423-7115,서울특별시 강남구 선릉로64길 33,,서울특별시 강남구청,37.4995106,127.0544636,2020-08-16
"서울도성초등학교",출입문으로부터 직선거리 50m까지,서울특별시,강남구,학교정화구역,서울특별시 강남구 금연환경 조성 및 간접흡연 피해방지 조례 제5조,,100000,02-3423-7115,서울특별시 강남구 역삼로 313,,서울특별시 강남구청,37.50146282,127.0488738,2020-08-16
"서울봉은초등학교",출입문으로부터 직선거리 50m까지,서울특별시,강남구,학교정화구역,서울특별시 강남구 금연환경 조성 및 간접흡연 피해방지 조례 제5조,,100000,02-3423-7115,서울특별시 강남구 학동로 610,,서울특별시 강남구청,37.52008278,127.0609811,2020-08-16
"서울삼릉초등학교",출입문으로부터 직선거리 50m까지,서울특별시,강남구,학교정화구역,서울특별시 강남구 금연환경 조성 및 간접흡연 피해방지 조례 제5조,,100000,02-3423-7115,서울특별시 강남구 봉은사로63길 22,,서울특별시 강남구청,37.51325956,127.0469142,2020-08-16
"서울세명초등학교",출입문으로부터 직선거리 50m까지,서울특별시,강남구,학교정화구역,서울특별시 강남구 금연환경 조성 및 간접흡연 피해방지 조례 제5조,,100000,02-3423-7115,서울특별시 강남구 자곡로 55,,서울특별시 강남구청,37.46885737,127.0910762,2020-08-16
"서울수서초등학교",출입문으로부터 직선거리 50m까지,서울특별시,강남구,학교정화구역,서울특별시 강남구 금연환경 조성 및 간접흡연 피해방지 조례 제5조,,100000,02-3423-7115,서울특별시 강남구 광평로51길 46,,서울특별시 강남구청,37.49115058,127.1015493,2020-08-16
"서울신구초등학교",출입문으로부터 직선거리 50m까지,서울특별시,강남구,학교정화구역,서울특별시 강남구 금연환경 조성 및 간접흡연 피해방지 조례 제5조,,100000,02-3423-7115,서울특별시 강남구 압구정로18길 28,,서울특별시 강남구청,37.5233603,127.0239915,2020-08-16
"서울압구정초등학교",출입문으로부터 직선거리 50m까지,서울특별시,강남구,학교정화구역,서울특별시 강남구 금연환경 조성 및 간접흡연 피해방지 조례 제5조,,100000,02-3423-7115,서울특별시 강남구 압구정로39길 29,,서울특별시 강남구청,37.53173902,127.0308413,2020-08-16
"서울양전초등학교",출입문으로부터 직선거리 50m까지,서울특별시,강남구,학교정화구역,서울특별시 강남구 금연환경 조성 및 간접흡연 피해방지 조례 제5조,,100000,02-3423-7115,서울특별시 강남구 개포로 513,,서울특별시 강남구청,37.49028366,127.0694778,2020-08-16
"서울언북초등학교",출입문으로부터 직선거리 50m까지,서울특별시,강남구,학교정화구역,서울특별시 강남구 금연환경 조성 및 간접흡연 피해방지 조례 제5조,,100000,02-3423-7115,서울특별시 강남구 삼성로135길 42,,서울특별시 강남구청,37.52012607,127.0447141,2020-08-16
"서울언주초등학교",출입문으로부터 직선거리 50m까지,서울특별시,강남구,학교정화구역,서울특별시 강남구 금연환경 조성 및 간접흡연 피해방지 조례 제5조,,100000,02-3423-7115,서울특별시 강남구 남부순환로363길 19,,서울특별시 강남구청,37.48632308,127.0367809,2020-08-16
"서울역삼초등학교",출입문으로부터 직선거리 50m까지,서울특별시,강남구,학교정화구역,서울특별시 강남구 금연환경 조성 및 간접흡연 피해방지 조례 제5조,,100000,02-3423-7115,서울특별시 강남구 강남대로66길 21,,서울특별시 강남구청,37.49316115,127.032603,2020-08-16
"서울영희초등학교",출입문으로부터 직선거리 50m까지,서울특별시,강남구,학교정화구역,서울특별시 강남구 금연환경 조성 및 간접흡연 피해방지 조례 제5조,,100000,02-3423-7115,서울특별시 강남구 일원로 21,,서울특별시 강남구청,37.49230166,127.0811312,2020-08-16
"서울왕북초등학교",출입문으로부터 직선거리 50m까지,서울특별시,강남구,학교정화구역,서울특별시 강남구 금연환경 조성 및 간접흡연 피해방지 조례 제5조,,100000,02-3423-7115,서울특별시 강남구 광평로31길 74,,서울특별시 강남구청,37.4863299,127.0860392,2020-08-16
"서울일원초등학교",출입문으로부터 직선거리 50m까지,서울특별시,강남구,학교정화구역,서울특별시 강남구 금연환경 조성 및 간접흡연 피해방지 조례 제5조,,100000,02-3423-7115,서울특별시 강남구 영동대로4길 20,,서울특별시 강남구청,37.48978925,127.0763251,2020-08-16
"서울청담초등학교",출입문으로부터 직선거리 50m까지,서울특별시,강남구,학교정화구역,서울특별시 강남구 금연환경 조성 및 간접흡연 피해방지 조례 제5조,,100000,02-3423-7115,서울특별시 강남구 압구정로71길 9,,서울특별시 강남구청,37.52828178,127.0451534,2020-08-16
"서울포이초등학교",출입문으로부터 직선거리 50m까지,서울특별시,강남구,학교정화구역,서울특별시 강남구 금연환경 조성 및 간접흡연 피해방지 조례 제5조,,100000,02-3423-7115,서울특별시 강남구 개포로22길 87,,서울특별시 강남구청,37.4759156202,127.0525105521,2020-08-16
"서울학동초등학교",출입문으로부터 직선거리 50m까지,서울특별시,강남구,학교정화구역,서울특별시 강남구 금연환경 조성 및 간접흡연 피해방지 조례 제5조,,100000,02-3423-7115,서울특별시 강남구 선릉로115길 42,,서울특별시 강남구청,37.51226034,127.0395969,2020-08-16
"개원중학교",출입문으로부터 직선거리 50m까지,서울특별시,강남구,학교정화구역,서울특별시 강남구 금연환경 조성 및 간접흡연 피해방지 조례 제5조,,100000,02-3423-7115,서울특별시 강남구 영동대로 101,,서울특별시 강남구청,37.49164119,127.071402,2020-08-16
"개포중학교",출입문으로부터 직선거리 50m까지,서울특별시,강남구,학교정화구역,서울특별시 강남구 금연환경 조성 및 간접흡연 피해방지 조례 제5조,,100000,02-3423-7115,서울특별시 강남구 선릉로 9,,서울특별시 강남구청,37.48078775,127.0616271,2020-08-16
"구룡중학교",출입문으로부터 직선거리 50m까지,서울특별시,강남구,학교정화구역,서울특별시 강남구 금연환경 조성 및 간접흡연 피해방지 조례 제5조,,100000,02-3423-7115,서울특별시 강남구 선릉로 103,,서울특별시 강남구청,37.4861533,127.0561228,2020-08-16
"단국대학교사범대학부속중학교",출입문으로부터 직선거리 50m까지,서울특별시,강남구,학교정화구역,서울특별시 강남구 금연환경 조성 및 간접흡연 피해방지 조례 제5조,,100000,02-3423-7115,서울특별시 강남구 도곡로78길 22,,서울특별시 강남구청,37.49663609,127.0588507,2020-08-16
"대명중학교",출입문으로부터 직선거리 50m까지,서울특별시,강남구,학교정화구역,서울특별시 강남구 금연환경 조성 및 간접흡연 피해방지 조례 제5조,,100000,02-3423-7115,서울특별시 강남구 역삼로87길 26,,서울특별시 강남구청,37.5063402,127.0609831,2020-08-16
"대왕중학교",출입문으로부터 직선거리 50m까지,서울특별시,강남구,학교정화구역,서울특별시 강남구 금연환경 조성 및 간접흡연 피해방지 조례 제5조,,100000,02-3423-7115,서울특별시 강남구 광평로20길 7,,서울특별시 강남구청,37.483438,127.0873271,2020-08-16
"대청중학교",출입문으로부터 직선거리 50m까지,서울특별시,강남구,학교정화구역,서울특별시 강남구 금연환경 조성 및 간접흡연 피해방지 조례 제5조,,100000,02-3423-7115,서울특별시 강남구 양재천로 321,,서울특별시 강남구청,37.4904302,127.0583895,2020-08-16
"대치중학교",출입문으로부터 직선거리 50m까지,서울특별시,강남구,학교정화구역,서울특별시 강남구 금연환경 조성 및 간접흡연 피해방지 조례 제5조,,100000,02-3423-7115,서울특별시 강남구 남부순환로378길 39,,서울특별시 강남구청,37.4845654,127.0470673,2020-08-16
"도곡중학교",출입문으로부터 직선거리 50m까지,서울특별시,강남구,학교정화구역,서울특별시 강남구 금연환경 조성 및 간접흡연 피해방지 조례 제5조,,100000,02-3423-7115,서울특별시 강남구 언주로57길 31,,서울특별시 강남구청,37.4923472,127.0452176,2020-08-16
"봉은중학교",출입문으로부터 직선거리 50m까지,서울특별시,강남구,학교정화구역,서울특별시 강남구 금연환경 조성 및 간접흡연 피해방지 조례 제5조,,100000,02-3423-7115,서울특별시 강남구 영동대로128길 59,,서울특별시 강남구청,37.5189411,127.0623915,2020-08-16
"수서중학교",출입문으로부터 직선거리 50m까지,서울특별시,강남구,학교정화구역,서울특별시 강남구 금연환경 조성 및 간접흡연 피해방지 조례 제5조,,100000,02-3423-7115,서울특별시 강남구 광평로59길 57,,서울특별시 강남구청,37.49120395,127.1023885,2020-08-16
"숙명여자중학교",출입문으로부터 직선거리 50m까지,서울특별시,강남구,학교정화구역,서울특별시 강남구 금연환경 조성 및 간접흡연 피해방지 조례 제5조,,100000,02-3423-7115,서울특별시 강남구 남부순환로 2807,,서울특별시 강남구청,37.49147446,127.0526124,2020-08-16
"세곡중학교",출입문으로부터 직선거리 50m까지,서울특별시,강남구,학교정화구역,서울특별시 강남구 금연환경 조성 및 간접흡연 피해방지 조례 제5조,,100000,02-3423-7115,서울특별시 강남구 자곡로 81,,서울특별시 강남구청,37.47198145,127.0918849,2020-08-16
"신구중학교",출입문으로부터 직선거리 50m까지,서울특별시,강남구,학교정화구역,서울특별시 강남구 금연환경 조성 및 간접흡연 피해방지 조례 제5조,,100000,02-3423-7115,서울특별시 강남구 압구정로36길 17,,서울특별시 강남구청,37.52744283,127.0316722,2020-08-16
"신사중학교",출입문으로부터 직선거리 50m까지,서울특별시,강남구,학교정화구역,서울특별시 강남구 금연환경 조성 및 간접흡연 피해방지 조례 제5조,,100000,02-3423-7115,서울특별시 강남구 압구정로 123,,서울특별시 강남구청,37.52469892,127.0211909,2020-08-16
"일원은행나무공원",시설전체,서울특별시,강남구,공원,서울특별시 강남구 금연환경 조성 및 간접흡연 피해방지 조례 제5조,1500,100000,02-3423-7115,서울특별시 강남구 개포로110길 15,,서울특별시 강남구청,37.49324368,127.0791149,2020-08-16
"일원목련공원",시설전체,서울특별시,강남구,공원,서울특별시 강남구 금연환경 조성 및 간접흡연 피해방지 조례 제5조,1614,100000,02-3423-7115,서울특별시 강남구 양재대로47길 22,,서울특별시 강남구청,37.49160996,127.0858306,2020-08-16
"일원까치공원",시설전체,서울특별시,강남구,공원,서울특별시 강남구 금연환경 조성 및 간접흡연 피해방지 조례 제5조,1476,100000,02-3423-7115,서울특별시 강남구 양재대로55길 14,,서울특별시 강남구청,37.4918223,127.0880201,2020-08-16
"궁마을공원",시설전체,서울특별시,강남구,공원,서울특별시 강남구 금연환경 조성 및 간접흡연 피해방지 조례 제5조,306,100000,02-3423-7115,서울특별시 강남구 광평로42길 18,,서울특별시 강남구청,37.48492479,127.0992354,2020-08-16
"예지공원",시설전체,서울특별시,강남구,공원,서울특별시 강남구 금연환경 조성 및 간접흡연 피해방지 조례 제5조,1536,100000,02-3423-7115,서울특별시 강남구 개포로 605,,서울특별시 강남구청,37.491935,127.0734546,2020-08-16
"한마음공원",시설전체,서울특별시,강남구,공원,서울특별시 강남구 금연환경 조성 및 간접흡연 피해방지 조례 제5조,2488,100000,02-3423-7115,서울특별시 강남구 개포로109길 69,,서울특별시 강남구청,37.49629104,127.0761282,2020-08-16
"대모산도시자연공원",시설전체,서울특별시,강남구,공원,서울특별시 강남구 금연환경 조성 및 간접흡연 피해방지 조례 제5조,2277252,100000,02-3423-7115,서울특별시 강남구 광평로10길 30-71,,서울특별시 강남구청,37.47751114,127.0750193,2020-08-16
"일원장미공원",시설전체,서울특별시,강남구,공원,서울특별시 강남구 금연환경 조성 및 간접흡연 피해방지 조례 제5조,1500,100000,02-3423-7115,서울특별시 강남구 광평로10길 50,,서울특별시 강남구청,37.48106281,127.0832536,2020-08-16
"일원개나리공원",시설전체,서울특별시,강남구,공원,서울특별시 강남구 금연환경 조성 및 간접흡연 피해방지 조례 제5조,4454,100000,02-3423-7115,서울특별시 강남구 광평로10길 6,,서울특별시 강남구청,37.48262791,127.0765213,2020-08-16
"일원느티나무공원",시설전체,서울특별시,강남구,공원,서울특별시 강남구 금연환경 조성 및 간접흡연 피해방지 조례 제5조,1826,100000,02-3423-7115,서울특별시 강남구 광평로1길 7,,서울특별시 강남구청,37.48311003,127.0777613,2020-08-16
"일원소나무공원",시설전체,서울특별시,강남구,공원,서울특별시 강남구 금연환경 조성 및 간접흡연 피해방지 조례 제5조,1501,100000,02-3423-7115,서울특별시 강남구 일원로14길 25,,서울특별시 강남구청,37.48479809,127.0811005,2020-08-16
"일원상록수공원",시설전체,서울특별시,강남구,공원,서울특별시 강남구 금연환경 조성 및 간접흡연 피해방지 조례 제5조,1500,100000,02-3423-7115,서울특별시 강남구 광평로10길 15,,서울특별시 강남구청,37.4828993841,127.0834456,2020-08-16
"일원비둘기공원",시설전체,서울특별시,강남구,공원,서울특별시 강남구 금연환경 조성 및 간접흡연 피해방지 조례 제5조,1501,100000,02-3423-7115,서울특별시 강남구 광평로 126,,서울특별시 강남구청,37.4833385,127.0864656,2020-08-16
"일원진달래공원",시설전체,서울특별시,강남구,공원,서울특별시 강남구 금연환경 조성 및 간접흡연 피해방지 조례 제5조,1500,100000,02-3423-7115,서울특별시 강남구 광평로19길 15,,서울특별시 강남구청,37.48553072,127.0847963,2020-08-16
"일원새싹공원",시설전체,서울특별시,강남구,공원,서울특별시 강남구 금연환경 조성 및 간접흡연 피해방지 조례 제5조,1500,100000,02-3423-7115,서울특별시 강남구 광평로31길 27,,서울특별시 강남구청,37.4848802,127.0897795,2020-08-16
"수서까치공원",시설전체,서울특별시,강남구,공원,서울특별시 강남구 금연환경 조성 및 간접흡연 피해방지 조례 제5조,1500,100000,02-3423-7115,서울특별시 강남구 광평로47길 17,,서울특별시 강남구청,37.48790982,127.0981867,2020-08-16
"수서은행나무공원",시설전체,서울특별시,강남구,공원,서울특별시 강남구 금연환경 조성 및 간접흡연 피해방지 조례 제5조,1500,100000,02-3423-7115,서울특별시 강남구 광평로51길 49,,서울특별시 강남구청,37.49213604,127.0997527,2020-08-16
"수서목련공원",시설전체,서울특별시,강남구,공원,서울특별시 강남구 금연환경 조성 및 간접흡연 피해방지 조례 제5조,1419,100000,02-3423-7115,서울특별시 강남구 광평로51길 22,,서울특별시 강남구청,37.49021867,127.1039565,2020-08-16
"수서개나리공원",시설전체,서울특별시,강남구,공원,서울특별시 강남구 금연환경 조성 및 간접흡연 피해방지 조례 제5조,1500,100000,02-3423-7115,서울특별시 강남구 광평로56길 11,,서울특별시 강남구청,37.48797908,127.1056314,2020-08-16
"아래반고개공원",시설전체,서울특별시,강남구,공원,서울특별시 강남구 금연환경 조성 및 간접흡연 피해방지 조례 제5조,863,100000,02-3423-7115,서울특별시 강남구 밤고개로34길 10,,서울특별시 강남구청,37.4637036,127.1069807,2020-08-16
"윗반 고개공원",시설전체,서울특별시,강남구,공원,서울특별시 강남구 금연환경 조성 및 간접흡연 피해방지 조례 제5조,2,100000,02-3423-7115,서울특별시 강남구 헌릉로637길 12,,서울특별시 강남구청,37.46595172,127.1090413,2020-08-16
"윗반 고개공원",시설전체,서울특별시,강남구,공원,서울특별시 강남구 금연환경 조성 및 간접흡연 피해방지 조례 제5조,187,100000,02-3423-7115,서울특별시 강남구 밤고개로31길 9,,서울특별시 강남구청,37.46541087,127.1092982,2020-08-16
"윗반 고개공원",시설전체,서울특별시,강남구,공원,서울특별시 강남구 금연환경 조성 및 간접흡연 피해방지 조례 제5조,109,100000,02-3423-7115,서울특별시 강남구 밤고개로31길 9,,서울특별시 강남구청,37.46541087,127.1092982,2020-08-16
"달터근린공원",시설전체,서울특별시,강남구,공원,서울특별시 강남구 금연환경 조성 및 간접흡연 피해방지 조례 제5조,232078,100000,02-3423-7115,서울특별시 강남구 선릉로18길 15,,서울특별시 강남구청,37.48540914,127.0596364,2020-08-16
"개포근린공원",시설전체,서울특별시,강남구,공원,서울특별시 강남구 금연환경 조성 및 간접흡연 피해방지 조례 제5조,90064,100000,02-3423-7115,서울특별시 강남구 선릉로4길 30,,서울특별시 강남구청,37.4830336,127.063861,2020-08-16
"학동공원",시설전체,서울특별시,강남구,공원,서울특별시 강남구 금연환경 조성 및 간접흡연 피해방지 조례 제5조,29947,100000,02-3423-7115,서울특별시 강남구 강남대로140길 47,,서울특별시 강남구청,37.51548988,127.0252061,2020-08-16
"역삼문화공원",시설전체,서울특별시,강남구,공원,서울특별시 강남구 금연환경 조성 및 간접흡연 피해방지 조례 제5조,33975,100000,02-3423-7115,서울특별시 강남구 테헤란로7길 32,,서울특별시 강남구청,37.50251419,127.030309,2020-08-16
"싸리고개근린공원",시설전체,서울특별시,강남구,공원,서울특별시 강남구 금연환경 조성 및 간접흡연 피해방지 조례 제5조,15073,100000,02-3423-7115,서울특별시 강남구 도곡로14길 14-1,,서울특별시 강남구청,37.48982973,127.0370152,2020-08-16
"봉은역사공원",시설전체,서울특별시,강남구,공원,서울특별시 강남구 금연환경 조성 및 간접흡연 피해방지 조례 제5조,75636,100000,02-3423-7115,서울특별시 강남구 봉은사로 531,,서울특별시 강남구청,37.51582444,127.0577331,2020-08-16
"도산근린공원",시설전체,서울특별시,강남구,공원,서울특별시 강남구 금연환경 조성 및 간접흡연 피해방지 조례 제5조,29817,100000,02-3423-7115,서울특별시 강남구 도산대로45길 20,,서울특별시 강남구청,37.52394942,127.0356029,2020-08-16
"청수근린공원",시설전체,서울특별시,강남구,공원,서울특별시 강남구 금연환경 조성 및 간접흡연 피해방지 조례 제5조,17402,100000,02-3423-7115,서울특별시 강남구 학동로105길 30,,서울특별시 강남구청,37.52300679,127.0586448,2020-08-16
"대청근린공원",시설전체,서울특별시,강남구,공원,서울특별시 강남구 금연환경 조성 및 간접흡연 피해방지 조례 제5조,14089,100000,02-3423-7115,서울특별시 강남구 개포로116길 21,,서울특별시 강남구청,37.49282716,127.0821269,2020-08-16
"포이근린공원",시설전체,서울특별시,강남구,공원,서울특별시 강남구 금연환경 조성 및 간접흡연 피해방지 조례 제5조,13577,100000,02-3423-7115,서울특별시 강남구 개포로15길 25,,서울특별시 강남구청,37.4801009360,127.0454549,2020-08-16
"대진근린공원",시설전체,서울특별시,강남구,공원,서울특별시 강남구 금연환경 조성 및 간접흡연 피해방지 조례 제5조,13568,100000,02-3423-7115,서울특별시 강남구 개포로109길 62,,서울특별시 강남구청,37.496031,127.0788555,2020-08-16
"한솔근린공원",시설전체,서울특별시,강남구,공원,서울특별시 강남구 금연환경 조성 및 간접흡연 피해방지 조례 제5조,12878,100000,02-3423-7115,서울특별시 강남구 광평로10길 6,,서울특별시 강남구청,37.48262791,127.0765213,2020-08-16
"윗반 고개공원",시설전체,서울특별시,강남구,공원,서울특별시 강남구 금연환경 조성 및 간접흡연 피해방지 조례 제5조,252,100000,02-3423-7115,서울특별시 강남구 밤고개로31길 9,,서울특별시 강남구청,37.46541087,127.1092982,2020-08-16
"학여울근린공원",시설전체,서울특별시,강남구,공원,서울특별시 강남구 금연환경 조성 및 간접흡연 피해방지 조례 제5조,12506,100000,02-3423-7115,서울특별시 강남구 개포로 513,,서울특별시 강남구청,37.49028366,127.0694778,2020-08-16
"배밭근린공원",시설전체,서울특별시,강남구,공원,서울특별시 강남구 금연환경 조성 및 간접흡연 피해방지 조례 제5조,11627,100000,02-3423-7115,서울특별시 강남구 개포로 411,,서울특별시 강남구청,37.4885757,127.062321,2020-08-16
"독골근린공원",시설전체,서울특별시,강남구,공원,서울특별시 강남구 금연환경 조성 및 간접흡연 피해방지 조례 제5조,10023,100000,02-3423-7115,서울특별시 강남구 남부순환로378길 39,,서울특별시 강남구청,37.484534,127.0470673,2020-08-16
"탄천근린공원",시설전체,서울특별시,강남구,공원,서울특별시 강남구 금연환경 조성 및 간접흡연 피해방지 조례 제5조,10011,100000,02-3423-7115,서울특별시 강남구 광평로56길 11,,서울특별시 강남구청,37.48797908,127.1056314,2020-08-16
"개포동근린공원",시설전체,서울특별시,강남구,공원,서울특별시 강남구 금연환경 조성 및 간접흡연 피해방지 조례 제5조,9706,100000,02-3423-7115,서울특별시 강남구 개포로 509,,서울특별시 강남구청,37.48970767,127.068281,2020-08-16
"청룡근린공원",시설전체,서울특별시,강남구,공원,서울특별시 강남구 금연환경 조성 및 간접흡연 피해방지 조례 제5조,9367,100000,02-3423-7115,서울특별시 강남구 언주로 110,,서울특별시 강남구청,37.48541153,127.0547066,2020-08-16
"길섶근린공원",시설전체,서울특별시,강남구,공원,서울특별시 강남구 금연환경 조성 및 간접흡연 피해방지 조례 제5조,1581,100000,02-3423-7115,서울특별시 강남구 도곡로51길 33,,서울특별시 강남구청,37.49750213,127.0485424,2020-08-16
"영동근린공원",시설전체,서울특별시,강남구,공원,서울특별시 강남구 금연환경 조성 및 간접흡연 피해방지 조례 제5조,1294,100000,02-3423-7115,서울특별시 강남구 선릉로69길 20,,서울특별시 강남구청,37.4987189,127.0509257,2020-08-16
"보은근린공원",시설전체,서울특별시,강남구,공원,서울특별시 강남구 금연환경 조성 및 간접흡연 피해방지 조례 제5조,1148,100000,02-3423-7115,서울특별시 강남구 언주로 332,,서울특별시 강남구청,37.49822341,127.047397,2020-08-16
"매봉근린공원",시설전체,서울특별시,강남구,공원,서울특별시 강남구 금연환경 조성 및 간접흡연 피해방지 조례 제5조,6147,100000,02-3423-7115,서울특별시 강남구 선릉로 221,,서울특별시 강남구청,37.49420756,127.049733,2020-08-16
"언주근린공원",시설전체,서울특별시,강남구,공원,서울특별시 강남구 금연환경 조성 및 간접흡연 피해방지 조례 제5조,1111,100000,02-3423-7115,서울특별시 강남구 역삼로 306,,서울특별시 강남구청,37.49897682,127.0469587,2020-08-16
"도성근린공원",시설전체,서울특별시,강남구,공원,서울특별시 강남구 금연환경 조성 및 간접흡연 피해방지 조례 제5조,1989,100000,02-3423-7115,서울특별시 강남구 역삼로 307,,서울특별시 강남구청,37.49904971,127.0448779,2020-08-16
"송운근린공원",시설전체,서울특별시,강남구,공원,서울특별시 강남구 금연환경 조성 및 간접흡연 피해방지 조례 제5조,1175,100000,02-3423-7115,서울특별시 강남구 역삼로 314,,서울특별시 강남구청,37.4996497,127.0493023,2020-08-16
"반달근린공원",시설전체,서울특별시,강남구,공원,서울특별시 강남구 금연환경 조성 및 간접흡연 피해방지 조례 제5조,679,100000,02-3423-7115,서울특별시 강남구 선릉로130길 20,,서울특별시 강남구청,37.51566482,127.043345,2020-08-16
"배꽃근린공원",시설전체,서울특별시,강남구,공원,서울특별시 강남구 금연환경 조성 및 간접흡연 피해방지 조례 제5조,1593,100000,02-3423-7115,서울특별시 강남구 선릉로126길 22,,서울특별시 강남구청,37.51625158,127.0451257,2020-08-16
"큰골근린공원",시설전체,서울특별시,강남구,공원,서울특별시 강남구 금연환경 조성 및 간접흡연 피해방지 조례 제5조,1688,100000,02-3423-7115,서울특별시 강남구 선릉로 222,,서울특별시 강남구청,37.4958668,127.0547505,2020-08-16
"새뜰근린공원",시설전체,서울특별시,강남구,공원,서울특별시 강남구 금연환경 조성 및 간접흡연 피해방지 조례 제5조,428,100000,02-3423-7115,서울특별시 강남구 도곡로57길 12,,서울특별시 강남구청,37.4966993800,127.0512228,2020-08-16
"샘터근린공원",시설전체,서울특별시,강남구,공원,서울특별시 강남구 금연환경 조성 및 간접흡연 피해방지 조례 제5조,1800,100000,02-3423-7115,서울특별시 강남구 학동로68길 29,,서울특별시 강남구청,37.51656074,127.0471869,2020-08-16
"학봉근린공원",시설전체,서울특별시,강남구,공원,서울특별시 강남구 금연환경 조성 및 간접흡연 피해방지 조례 제5조,1343,100000,02-3423-7115,서울특별시 강남구 삼성로111길 8,,서울특별시 강남구청,37.5147316,127.0517374,2020-08-16
"다솜소공원",시설전체,서울특별시,강남구,공원,서울특별시 강남구 금연환경 조성 및 간접흡연 피해방지 조례 제5조,604,100000,02-3423-7115,서울특별시 강남구 도곡로43길 20,,서울특별시 강남구청,37.49686419,127.0486175,2020-08-16
"논현까치공원",시설전체,서울특별시,강남구,공원,서울특별시 강남구 금연환경 조성 및 간접흡연 피해방지 조례 제5조,957,100000,02-3423-7115,서울특별시 강남구 학동로4길 43-12,,서울특별시 강남구청,37.5086093,127.0250114,2020-08-16
"논현목련공원",시설전체,서울특별시,강남구,공원,서울특별시 강남구 금연환경 조성 및 간접흡연 피해방지 조례 제5조,986,100000,02-3423-7115,서울특별시 강남구 강남대로124길 65,,서울특별시 강남구청,37.51102773,127.0268707,2020-08-16
"논현은행나무공원",시설전체,서울특별시,강남구,공원,서울특별시 강남구 금연환경 조성 및 간접흡연 피해방지 조례 제5조,1015,100000,02-3423-7115,서울특별시 강남구 강남대로132길 21,,서울특별시 강남구청,37.5126214,127.0227213,2020-08-16
"논현개나리공원",시설전체,서울특별시,강남구,공원,서울특별시 강남구 금연환경 조성 및 간접흡연 피해방지 조례 제5조,1653,100000,02-3423-7115,서울특별시 강남구 논현로123길 19,,서울특별시 강남구청,37.51122518,127.0300758,2020-08-16
"논현무궁화공원",시설전체,서울특별시,강남구,공원,서울특별시 강남구 금연환경 조성 및 간접흡연 피해방지 조례 제5조,1880,100000,02-3423-7115,서울특별시 강남구 논현로111길 39,,서울특별시 강남구청,37.50682459,127.0304239,2020-08-16
"논현소나무공원",시설전체,서울특별시,강남구,공원,서울특별시 강남구 금연환경 조성 및 간접흡연 피해방지 조례 제5조,1820,100000,02-3423-7115,서울특별시 강남구 학동로 318,,서울특별시 강남구청,37.51574959,127.0378794,2020-08-16
"학동근린공원",시설전체,서울특별시,강남구,공원,서울특별시 강남구 금연환경 조성 및 간접흡연 피해방지 조례 제5조,1499,100000,02-3423-7115,서울특별시 강남구 언주로116길 27,,서울특별시 강남구청,37.511628,127.0387639,2020-08-16
"신사은행나무공원",시설전체,서울특별시,강남구,공원,서울특별시 강남구 금연환경 조성 및 간접흡연 피해방지 조례 제5조,1240,100000,02-3423-7115,서울특별시 강남구 논현로153길 27,,서울특별시 강남구청,37.5207228,127.025976,2020-08-16
"신사목련공원",시설전체,서울특별시,강남구,공원,서울특별시 강남구 금연환경 조성 및 간접흡연 피해방지 조례 제5조,1001,100000,02-3423-7115,서울특별시 강남구 논현로159길 24,,서울특별시 강남구청,37.5229528,127.0260726,2020-08-16
"신사무궁화공원",시설전체,서울특별시,강남구,공원,서울특별시 강남구 금연환경 조성 및 간접흡연 피해방지 조례 제5조,1642,100000,02-3423-7115,서울특별시 강남구 언주로157길 8-4,,서울특별시 강남구청,37.52414139,127.0322551,2020-08-16
"신사까치공원",시설전체,서울특별시,강남구,공원,서울특별시 강남구 금연환경 조성 및 간접흡연 피해방지 조례 제5조,993,100000,02-3423-7115,서울특별시 강남구 논현로164길 14,,서울특별시 강남구청,37.52343214,127.0294494,2020-08-16
"신사개나리공원",시설전체,서울특별시,강남구,공원,서울특별시 강남구 금연환경 조성 및 간접흡연 피해방지 조례 제5조,991,100000,02-3423-7115,서울특별시 강남구 압구정로30길 23,,서울특별시 강남구청,37.5258525,127.029481,2020-08-16
"압구정목련공원",시설전체,서울특별시,강남구,공원,서울특별시 강남구 금연환경 조성 및 간접흡연 피해방지 조례 제5조,2072,100000,02-3423-7115,서울특별시 강남구 압구정로39길 58,,서울특별시 강남구청,37.53268651,127.0322084,2020-08-16
"압구정은행나무공원",시설전체,서울특별시,강남구,공원,서울특별시 강남구 금연환경 조성 및 간접흡연 피해방지 조례 제5조,2547,100000,02-3423-7115,서울특별시 강남구 압구정로 201,,서울특별시 강남구청,37.53153399,127.0292754,2020-08-16
"삼성목련공원",시설전체,서울특별시,강남구,공원,서울특별시 강남구 금연환경 조성 및 간접흡연 피해방지 조례 제5조,1641,100000,02-3423-7115,서울특별시 강남구 삼성로120길 46,,서울특별시 강남구청,37.5184102,127.0541843,2020-08-16
"삼성까치공원",시설전체,서울특별시,강남구,공원,서울특별시 강남구 금연환경 조성 및 간접흡연 피해방지 조례 제5조,1463,100000,02-3423-7115,서울특별시 강남구 봉은사로105길 54-1,,서울특별시 강남구청,37.5180388,127.060608,2020-08-16
"청담은행나무공원",시설전체,서울특별시,강남구,공원,서울특별시 강남구 금연환경 조성 및 간접흡연 피해방지 조례 제5조,1644,100000,02-3423-7115,서울특별시 강남구 도산대로67길 15,,서울특별시 강남구청,37.525136,127.0442417,2020-08-16
"청담목련공원",시설전체,서울특별시,강남구,공원,서울특별시 강남구 금연환경 조성 및 간접흡연 피해방지 조례 제5조,1642,100000,02-3423-7115,서울특별시 강남구 도산대로92길 10,,서울특별시 강남구청,37.52369924,127.0497435,2020-08-16
"도곡까치공원",시설전체,서울특별시,강남구,공원,서울특별시 강남구 금연환경 조성 및 간접흡연 피해방지 조례 제5조,1794,100000,02-3423-7115,서울특별시 강남구 논현로26길 34,,서울특별시 강남구청,37.483308,127.0451082,2020-08-16
"도곡목련공원",시설전체,서울특별시,강남구,공원,서울특별시 강남구 금연환경 조성 및 간접흡연 피해방지 조례 제5조,1709,100000,02-3423-7115,서울특별시 강남구 논현로36길 31,,서울특별시 강남구청,37.48520683,127.0443508,2020-08-16
"역삼까치공원",시설전체,서울특별시,강남구,공원,서울특별시 강남구 금연환경 조성 및 간접흡연 피해방지 조례 제5조,987,100000,02-3423-7115,서울특별시 강남구 테헤란로6길 16,,서울특별시 강남구청,37.4975410394,127.0305488,2020-08-16
"역삼무궁화공원",시설전체,서울특별시,강남구,공원,서울특별시 강남구 금연환경 조성 및 간접흡연 피해방지 조례 제5조,992,100000,02-3423-7115,서울특별시 강남구 역삼로 117,,서울특별시 강남구청,37.493817,127.0322098,2020-08-16
"역삼개나리공원",시설전체,서울특별시,강남구,공원,서울특별시 강남구 금연환경 조성 및 간접흡연 피해방지 조례 제5조,1635,100000,02-3423-7115,서울특별시 강남구 논현로79길 24,,서울특별시 강남구청,37.497553,127.0362551,2020-08-16
"역삼소나무공원",시설전체,서울특별시,강남구,공원,서울특별시 강남구 금연환경 조성 및 간접흡연 피해방지 조례 제5조,987,100000,02-3423-7115,서울특별시 강남구 강남대로62길 31,,서울특별시 강남구청,37.490943,127.0340015,2020-08-16
"역삼은행나무공원",시설전체,서울특별시,강남구,공원,서울특별시 강남구 금연환경 조성 및 간접흡연 피해방지 조례 제5조,1647,100000,02-3423-7115,서울특별시 강남구 봉은사로22길 20,,서울특별시 강남구청,37.505391,127.0315238,2020-08-16
"대치목련공원",시설전체,서울특별시,강남구,공원,서울특별시 강남구 금연환경 조성 및 간접흡연 피해방지 조례 제5조,1649,100000,02-3423-7115,서울특별시 강남구 도곡로77길 22,,서울특별시 강남구청,37.49982598,127.0581713,2020-08-16
"대치까치공원",시설전체,서울특별시,강남구,공원,서울특별시 강남구 금연환경 조성 및 간접흡연 피해방지 조례 제5조,992,100000,02-3423-7115,서울특별시 강남구 도곡로78길 22,,서울특별시 강남구청,37.49663609,127.0588507,2020-08-16
"대치은행나무공원",시설전체,서울특별시,강남구,공원,서울특별시 강남구 금연환경 조성 및 간접흡연 피해방지 조례 제5조,1619,100000,02-3423-7115,서울특별시 강남구 선릉로76길 11,,서울특별시 강남구청,37.501631,127.0515319,2020-08-16
"개포까치공원",시설전체,서울특별시,강남구,공원,서울특별시 강남구 금연환경 조성 및 간접흡연 피해방지 조례 제5조,1690,100000,02-3423-7115,서울특별시 강남구 선릉로12길 17,,서울특별시 강남구청,37.4840137,127.0609626,2020-08-16
"수서제2근린공원",시설전체,서울특별시,강남구,공원,서울특별시 강남구 금연환경 조성 및 간접흡연 피해방지 조례 제5조,44587.5,100000,02-3423-7115,서울특별시 강남구 광평로 188,,서울특별시 강남구청,37.48324306,127.0884842,2020-08-16
"언주역",언주역 6번출구로부터 10미터 이내,서울특별시,강남구,지하철역,서울특별시 간접흡연 피해방지 조례  제5조 및 제8호,,100000,02-3423-7115,서울특별시 강남구 봉은사로 지하201,,서울특별시 강남구청,37.50744703,127.0342831,2020-08-16
"언주역",언주역 7번출구로부터 10미터 이내,서울특별시,강남구,지하철역,서울특별시 간접흡연 피해방지 조례  제5조 및 제8호,,100000,02-3423-7115,서울특별시 강남구 봉은사로 지하201,,서울특별시 강남구청,37.50744703,127.0342831,2020-08-16
"언주역",언주역 8번출구로부터 10미터 이내,서울특별시,강남구,지하철역,서울특별시 간접흡연 피해방지 조례  제5조 및 제8호,,100000,02-3423-7115,서울특별시 강남구 봉은사로 지하201,,서울특별시 강남구청,37.50744703,127.0342831,2020-08-16
"일원역",일원역 1번출구로부터 10미터 이내,서울특별시,강남구,지하철역,서울특별시 간접흡연 피해방지 조례  제5조 및 제8호,,100000,02-3423-7115,서울특별시 강남구 일원로 지하121,,서울특별시 강남구청,37.48407494,127.084451,2020-08-16
"매봉역",매봉역 1번출구로부터 10미터 이내,서울특별시,강남구,지하철역,서울특별시 간접흡연 피해방지 조례  제5조 및 제8호,,100000,02-3423-7115,서울특별시 강남구 남부순환로 지하2744,,서울특별시 강남구청,37.48696113,127.0466165,2020-08-16
"매봉역",매봉역 2번출구로부터 10미터 이내,서울특별시,강남구,지하철역,서울특별시 간접흡연 피해방지 조례  제5조 및 제8호,,100000,02-3423-7115,서울특별시 강남구 남부순환로 지하2744,,서울특별시 강남구청,37.48696113,127.0466165,2020-08-16
"매봉역",매봉역 3번출구로부터 10미터 이내,서울특별시,강남구,지하철역,서울특별시 간접흡연 피해방지 조례  제5조 및 제8호,,100000,02-3423-7115,서울특별시 강남구 남부순환로 지하2744,,서울특별시 강남구청,37.48696113,127.0466165,2020-08-16
"매봉역",매봉역 4번출구로부터 10미터 이내,서울특별시,강남구,지하철역,서울특별시 간접흡연 피해방지 조례  제5조 및 제8호,,100000,02-3423-7115,서울특별시 강남구 남부순환로 지하2744,,서울특별시 강남구청,37.48696113,127.0466165,2020-08-16
"일원역",일원역 2번출구로부터 10미터 이내,서울특별시,강남구,지하철역,서울특별시 간접흡연 피해방지 조례  제5조 및 제8호,,100000,02-3423-7115,서울특별시 강남구 일원로 지하121,,서울특별시 강남구청,37.48407494,127.084451,2020-08-16
"일원역",일원역 3번출구로부터 10미터 이내,서울특별시,강남구,지하철역,서울특별시 간접흡연 피해방지 조례  제5조 및 제8호,,100000,02-3423-7115,서울특별시 강남구 일원로 지하121,,서울특별시 강남구청,37.48407494,127.084451,2020-08-16
"일원역",일원역 4번출구로부터 10미터 이내,서울특별시,강남구,지하철역,서울특별시 간접흡연 피해방지 조례  제5조 및 제8호,,100000,02-3423-7115,서울특별시 강남구 일원로 지하121,,서울특별시 강남구청,37.48407494,127.084451,2020-08-16
"일원역",일원역 5번출구로부터 10미터 이내,서울특별시,강남구,지하철역,서울특별시 간접흡연 피해방지 조례  제5조 및 제8호,,100000,02-3423-7115,서울특별시 강남구 일원로 지하121,,서울특별시 강남구청,37.48407494,127.084451,2020-08-16
"일원역",일원역 6번출구로부터 10미터 이내,서울특별시,강남구,지하철역,서울특별시 간접흡연 피해방지 조례  제5조 및 제8호,,100000,02-3423-7115,서울특별시 강남구 일원로 지하121,,서울특별시 강남구청,37.48407494,127.084451,2020-08-16
"일원역",일원역 7번출구로부터 10미터 이내,서울특별시,강남구,지하철역,서울특별시 간접흡연 피해방지 조례  제5조 및 제8호,,100000,02-3423-7115,서울특별시 강남구 일원로 지하121,,서울특별시 강남구청,37.48407494,127.084451,2020-08-16
"청담역",청담역 1번출구로부터 10미터 이내,서울특별시,강남구,지하철역,서울특별시 간접흡연 피해방지 조례  제5조 및 제8호,,100000,02-3423-7115,서울특별시 강남구 학동로 지하508,,서울특별시 강남구청,37.51914278,127.052039,2020-08-16
"청담역",청담역 2번출구로부터 10미터 이내,서울특별시,강남구,지하철역,서울특별시 간접흡연 피해방지 조례  제5조 및 제8호,,100000,02-3423-7115,서울특별시 강남구 학동로 지하508,,서울특별시 강남구청,37.51914278,127.052039,2020-08-16
"청담역",청담역 3번출구로부터 10미터 이내,서울특별시,강남구,지하철역,서울특별시 간접흡연 피해방지 조례  제5조 및 제8호,,100000,02-3423-7115,서울특별시 강남구 학동로 지하508,,서울특별시 강남구청,37.51914278,127.052039,2020-08-16
"청담역",청담역 4번출구로부터 10미터 이내,서울특별시,강남구,지하철역,서울특별시 간접흡연 피해방지 조례  제5조 및 제8호,,100000,02-3423-7115,서울특별시 강남구 학동로 지하508,,서울특별시 강남구청,37.51914278,127.052039,2020-08-16
"청담역",청담역 5번출구로부터 10미터 이내,서울특별시,강남구,지하철역,서울특별시 간접흡연 피해방지 조례  제5조 및 제8호,,100000,02-3423-7115,서울특별시 강남구 학동로 지하508,,서울특별시 강남구청,37.51914278,127.052039,2020-08-16
"청담역",청담역 6번출구로부터 10미터 이내,서울특별시,강남구,지하철역,서울특별시 간접흡연 피해방지 조례  제5조 및 제8호,,100000,02-3423-7115,서울특별시 강남구 학동로 지하508,,서울특별시 강남구청,37.51914278,127.052039,2020-08-16
"청담역",청담역 7번출구로부터 10미터 이내,서울특별시,강남구,지하철역,서울특별시 간접흡연 피해방지 조례  제5조 및 제8호,,100000,02-3423-7115,서울특별시 강남구 학동로 지하508,,서울특별시 강남구청,37.51914278,127.052039,2020-08-16
"청담역",청담역 8번출구로부터 10미터 이내,서울특별시,강남구,지하철역,서울특별시 간접흡연 피해방지 조례  제5조 및 제8호,,100000,02-3423-7115,서울특별시 강남구 학동로 지하508,,서울특별시 강남구청,37.51914278,127.052039,2020-08-16
"청담역",청담역 9번출구로부터 10미터 이내,서울특별시,강남구,지하철역,서울특별시 간접흡연 피해방지 조례  제5조 및 제8호,,100000,02-3423-7115,서울특별시 강남구 학동로 지하508,,서울특별시 강남구청,37.51914278,127.052039,2020-08-16
"봉은사역",봉은사역 1번출구로부터 10미터 이내,서울특별시,강남구,지하철역,서울특별시 간접흡연 피해방지 조례  제5조 및 제8호,,100000,02-3423-7115,서울특별시 강남구 봉은사로 지하601,,서울특별시 강남구청,37.51435963,127.0608901,2020-08-16
"봉은사역",봉은사역 2번출구로부터 10미터 이내,서울특별시,강남구,지하철역,서울특별시 간접흡연 피해방지 조례  제5조 및 제8호,,100000,02-3423-7115,서울특별시 강남구 봉은사로 지하601,,서울특별시 강남구청,37.51435963,127.0608901,2020-08-16
"봉은사역",봉은사역 3번출구로부터 10미터 이내,서울특별시,강남구,지하철역,서울특별시 간접흡연 피해방지 조례  제5조 및 제8호,,100000,02-3423-7115,서울특별시 강남구 봉은사로 지하601,,서울특별시 강남구청,37.51435963,127.0608901,2020-08-16
"봉은사역",봉은사역 4번출구로부터 10미터 이내,서울특별시,강남구,지하철역,서울특별시 간접흡연 피해방지 조례  제5조 및 제8호,,100000,02-3423-7115,서울특별시 강남구 봉은사로 지하601,,서울특별시 강남구청,37.51435963,127.0608901,2020-08-16
"봉은사역",봉은사역 5번출구로부터 10미터 이내,서울특별시,강남구,지하철역,서울특별시 간접흡연 피해방지 조례  제5조 및 제8호,,100000,02-3423-7115,서울특별시 강남구 봉은사로 지하601,,서울특별시 강남구청,37.51435963,127.0608901,2020-08-16
"봉은사역",봉은사역 6번출구로부터 10미터 이내,서울특별시,강남구,지하철역,서울특별시 간접흡연 피해방지 조례  제5조 및 제8호,,100000,02-3423-7115,서울특별시 강남구 봉은사로 지하601,,서울특별시 강남구청,37.51435963,127.0608901,2020-08-16
"봉은사역",봉은사역 7번출구로부터 10미터 이내,서울특별시,강남구,지하철역,서울특별시 간접흡연 피해방지 조례  제5조 및 제8호,,100000,02-3423-7115,서울특별시 강남구 봉은사로 지하601,,서울특별시 강남구청,37.51435963,127.0608901,2020-08-16
"삼성역",삼성역 1번출구로부터 10미터 이내,서울특별시,강남구,지하철역,서울특별시 간접흡연 피해방지 조례  제5조 및 제8호,,100000,02-3423-7115,서울특별시 강남구 테헤란로 지하538,,서울특별시 강남구청,37.508852,127.063085,2020-08-16
"삼성역",삼성역 2번출구로부터 10미터 이내,서울특별시,강남구,지하철역,서울특별시 간접흡연 피해방지 조례  제5조 및 제8호,,100000,02-3423-7115,서울특별시 강남구 테헤란로 지하538,,서울특별시 강남구청,37.508852,127.063085,2020-08-16
"삼성역",삼성역 3번출구로부터 10미터 이내,서울특별시,강남구,지하철역,서울특별시 간접흡연 피해방지 조례  제5조 및 제8호,,100000,02-3423-7115,서울특별시 강남구 테헤란로 지하538,,서울특별시 강남구청,37.508852,127.063085,2020-08-16
"삼성역",삼성역 4번출구로부터 10미터 이내,서울특별시,강남구,지하철역,서울특별시 간접흡연 피해방지 조례  제5조 및 제8호,,100000,02-3423-7115,서울특별시 강남구 테헤란로 지하538,,서울특별시 강남구청,37.508852,127.063085,2020-08-16
"삼성역",삼성역 5번출구로부터 10미터 이내,서울특별시,강남구,지하철역,서울특별시 간접흡연 피해방지 조례  제5조 및 제8호,,100000,02-3423-7115,서울특별시 강남구 테헤란로 지하538,,서울특별시 강남구청,37.508852,127.063085,2020-08-16
"삼성역",삼성역 6번출구로부터 10미터 이내,서울특별시,강남구,지하철역,서울특별시 간접흡연 피해방지 조례  제5조 및 제8호,,100000,02-3423-7115,서울특별시 강남구 테헤란로 지하538,,서울특별시 강남구청,37.508852,127.063085,2020-08-16
"삼성역",삼성역 7번출구로부터 10미터 이내,서울특별시,강남구,지하철역,서울특별시 간접흡연 피해방지 조례  제5조 및 제8호,,100000,02-3423-7115,서울특별시 강남구 테헤란로 지하538,,서울특별시 강남구청,37.508852,127.063085,2020-08-16
"삼성역",삼성역 8번출구로부터 10미터 이내,서울특별시,강남구,지하철역,서울특별시 간접흡연 피해방지 조례  제5조 및 제8호,,100000,02-3423-7115,서울특별시 강남구 테헤란로 지하538,,서울특별시 강남구청,37.508852,127.063085,2020-08-16
"청담역",청담역 10번출구로부터 10미터 이내,서울특별시,강남구,지하철역,서울특별시 간접흡연 피해방지 조례  제5조 및 제8호,,100000,02-3423-7115,서울특별시 강남구 학동로 지하508,,서울특별시 강남구청,37.51914278,127.052039,2020-08-16
"청담역",청담역 11번출구로부터 10미터 이내,서울특별시,강남구,지하철역,서울특별시 간접흡연 피해방지 조례  제5조 및 제8호,,100000,02-3423-7115,서울특별시 강남구 학동로 지하508,,서울특별시 강남구청,37.51914278,127.052039,2020-08-16
"청담역",청담역 12번출구로부터 10미터 이내,서울특별시,강남구,지하철역,서울특별시 간접흡연 피해방지 조례  제5조 및 제8호,,100000,02-3423-7115,서울특별시 강남구 학동로 지하508,,서울특별시 강남구청,37.51914278,127.052039,2020-08-16
"청담역",청담역 13번출구로부터 10미터 이내,서울특별시,강남구,지하철역,서울특별시 간접흡연 피해방지 조례  제5조 및 제8호,,100000,02-3423-7115,서울특별시 강남구 학동로 지하508,,서울특별시 강남구청,37.51914278,127.052039,2020-08-16
"청담역",청담역 14번출구로부터 10미터 이내,서울특별시,강남구,지하철역,서울특별시 간접흡연 피해방지 조례  제5조 및 제8호,,100000,02-3423-7115,서울특별시 강남구 학동로 지하508,,서울특별시 강남구청,37.51914278,127.052039,2020-08-16
"학동역",학동역 1번출구로부터 10미터 이내,서울특별시,강남구,지하철역,서울특별시 간접흡연 피해방지 조례  제5조 및 제8호,,100000,02-3423-7115,서울특별시 강남구 학동로 지하180,,서울특별시 강남구청,37.51420535,127.031463,2020-08-16
"학동역",학동역 2번출구로부터 10미터 이내,서울특별시,강남구,지하철역,서울특별시 간접흡연 피해방지 조례  제5조 및 제8호,,100000,02-3423-7115,서울특별시 강남구 학동로 지하180,,서울특별시 강남구청,37.51420535,127.031463,2020-08-16
"학동역",학동역 3번출구로부터 10미터 이내,서울특별시,강남구,지하철역,서울특별시 간접흡연 피해방지 조례  제5조 및 제8호,,100000,02-3423-7115,서울특별시 강남구 학동로 지하180,,서울특별시 강남구청,37.51420535,127.031463,2020-08-16
"학동역",학동역 4번출구로부터 10미터 이내,서울특별시,강남구,지하철역,서울특별시 간접흡연 피해방지 조례  제5조 및 제8호,,100000,02-3423-7115,서울특별시 강남구 학동로 지하180,,서울특별시 강남구청,37.51420535,127.031463,2020-08-16
"삼성중앙역",삼성중앙역 1번출구로부터 10미터 이내,서울특별시,강남구,지하철역,서울특별시 간접흡연 피해방지 조례  제5조 및 제8호,,100000,02-3423-7115,서울특별시 강남구 봉은사로 지하501,,서울특별시 강남구청,37.51288231,127.0527043,2020-08-16
"삼성중앙역",삼성중앙역 2번출구로부터 10미터 이내,서울특별시,강남구,지하철역,서울특별시 간접흡연 피해방지 조례  제5조 및 제8호,,100000,02-3423-7115,서울특별시 강남구 봉은사로 지하501,,서울특별시 강남구청,37.51288231,127.0527043,2020-08-16
"삼성중앙역",삼성중앙역 3번출구로부터 10미터 이내,서울특별시,강남구,지하철역,서울특별시 간접흡연 피해방지 조례  제5조 및 제8호,,100000,02-3423-7115,서울특별시 강남구 봉은사로 지하501,,서울특별시 강남구청,37.51288231,127.0527043,2020-08-16
"삼성중앙역",삼성중앙역 4번출구로부터 10미터 이내,서울특별시,강남구,지하철역,서울특별시 간접흡연 피해방지 조례  제5조 및 제8호,,100000,02-3423-7115,서울특별시 강남구 봉은사로 지하501,,서울특별시 강남구청,37.51288231,127.0527043,2020-08-16
"삼성중앙역",삼성중앙역 5번출구로부터 10미터 이내,서울특별시,강남구,지하철역,서울특별시 간접흡연 피해방지 조례  제5조 및 제8호,,100000,02-3423-7115,서울특별시 강남구 봉은사로 지하501,,서울특별시 강남구청,37.51288231,127.0527043,2020-08-16
"삼성중앙역",삼성중앙역 6번출구로부터 10미터 이내,서울특별시,강남구,지하철역,서울특별시 간접흡연 피해방지 조례  제5조 및 제8호,,100000,02-3423-7115,서울특별시 강남구 봉은사로 지하501,,서울특별시 강남구청,37.51288231,127.0527043,2020-08-16
"삼성중앙역",삼성중앙역 7번출구로부터 10미터 이내,서울특별시,강남구,지하철역,서울특별시 간접흡연 피해방지 조례  제5조 및 제8호,,100000,02-3423-7115,서울특별시 강남구 봉은사로 지하501,,서울특별시 강남구청,37.51288231,127.0527043,2020-08-16
"학동역",학동역 5번출구로부터 10미터 이내,서울특별시,강남구,지하철역,서울특별시 간접흡연 피해방지 조례  제5조 및 제8호,,100000,02-3423-7115,서울특별시 강남구 학동로 지하180,,서울특별시 강남구청,37.51420535,127.031463,2020-08-16
"학동역",학동역 6번출구로부터 10미터 이내,서울특별시,강남구,지하철역,서울특별시 간접흡연 피해방지 조례  제5조 및 제8호,,100000,02-3423-7115,서울특별시 강남구 학동로 지하180,,서울특별시 강남구청,37.51420535,127.031463,2020-08-16
"학동역",학동역 7번출구로부터 10미터 이내,서울특별시,강남구,지하철역,서울특별시 간접흡연 피해방지 조례  제5조 및 제8호,,100000,02-3423-7115,서울특별시 강남구 학동로 지하180,,서울특별시 강남구청,37.51420535,127.031463,2020-08-16
"학동역",학동역 8번출구로부터 10미터 이내,서울특별시,강남구,지하철역,서울특별시 간접흡연 피해방지 조례  제5조 및 제8호,,100000,02-3423-7115,서울특별시 강남구 학동로 지하180,,서울특별시 강남구청,37.51420535,127.031463,2020-08-16
"학동역",학동역 9번출구로부터 10미터 이내,서울특별시,강남구,지하철역,서울특별시 간접흡연 피해방지 조례  제5조 및 제8호,,100000,02-3423-7115,서울특별시 강남구 학동로 지하180,,서울특별시 강남구청,37.51420535,127.031463,2020-08-16
"학동역",학동역 10번출구로부터 10미터 이내,서울특별시,강남구,지하철역,서울특별시 간접흡연 피해방지 조례  제5조 및 제8호,,100000,02-3423-7115,서울특별시 강남구 학동로 지하180,,서울특별시 강남구청,37.51420535,127.031463,2020-08-16
"학여울역",학여울역 1번출구로부터 10미터 이내,서울특별시,강남구,지하철역,서울특별시 간접흡연 피해방지 조례  제5조 및 제8호,,100000,02-3423-7115,서울특별시 강남구 남부순환로 3104,,서울특별시 강남구청,37.4956774,127.0719118,2020-08-16
"한티역",한티역 1번출구로부터 10미터 이내,서울특별시,강남구,지하철역,서울특별시 간접흡연 피해방지 조례  제5조 및 제8호,,100000,02-3423-7115,서울특별시 강남구 선릉로 지하228,,서울특별시 강남구청,37.496225,127.0528826,2020-08-16
"한티역",한티역 2번출구로부터 10미터 이내,서울특별시,강남구,지하철역,서울특별시 간접흡연 피해방지 조례  제5조 및 제8호,,100000,02-3423-7115,서울특별시 강남구 선릉로 지하228,,서울특별시 강남구청,37.496225,127.0528826,2020-08-16
"한티역",한티역 3번출구로부터 10미터 이내,서울특별시,강남구,지하철역,서울특별시 간접흡연 피해방지 조례  제5조 및 제8호,,100000,02-3423-7115,서울특별시 강남구 선릉로 지하228,,서울특별시 강남구청,37.496225,127.0528826,2020-08-16
"강남역",강남역 1번출구로부터 10미터 이내,서울특별시,강남구,지하철역,서울특별시 간접흡연 피해방지 조례  제5조 및 제8호,,100000,02-3423-7115,서울특별시 강남구 강남대로 지하396,,서울특별시 강남구청,37.49816465,127.0283079,2020-08-16
"강남역",강남역 2번출구로부터 10미터 이내,서울특별시,강남구,지하철역,서울특별시 간접흡연 피해방지 조례  제5조 및 제8호,,100000,02-3423-7115,서울특별시 강남구 강남대로 지하396,,서울특별시 강남구청,37.49816465,127.0283079,2020-08-16
"강남역",강남역 3번출구로부터 10미터 이내,서울특별시,강남구,지하철역,서울특별시 간접흡연 피해방지 조례  제5조 및 제8호,,100000,02-3423-7115,서울특별시 강남구 강남대로 지하396,,서울특별시 강남구청,37.49816465,127.0283079,2020-08-16
"강남역",강남역 4번출구로부터 10미터 이내,서울특별시,강남구,지하철역,서울특별시 간접흡연 피해방지 조례  제5조 및 제8호,,100000,02-3423-7115,서울특별시 강남구 강남대로 지하396,,서울특별시 강남구청,37.49816465,127.0283079,2020-08-16
"선릉역",선릉역 1번출구로부터 10미터 이내,서울특별시,강남구,지하철역,서울특별시 간접흡연 피해방지 조례  제5조 및 제8호,,100000,02-3423-7115,서울특별시 강남구 테헤란로 지하340,,서울특별시 강남구청,37.504505,127.0489436,2020-08-16
"선릉역",선릉역 2번출구로부터 10미터 이내,서울특별시,강남구,지하철역,서울특별시 간접흡연 피해방지 조례  제5조 및 제8호,,100000,02-3423-7115,서울특별시 강남구 테헤란로 지하340,,서울특별시 강남구청,37.504505,127.0489436,2020-08-16
"선릉역",선릉역 3번출구로부터 10미터 이내,서울특별시,강남구,지하철역,서울특별시 간접흡연 피해방지 조례  제5조 및 제8호,,100000,02-3423-7115,서울특별시 강남구 테헤란로 지하340,,서울특별시 강남구청,37.504505,127.0489436,2020-08-16
"선릉역",선릉역 4번출구로부터 10미터 이내,서울특별시,강남구,지하철역,서울특별시 간접흡연 피해방지 조례  제5조 및 제8호,,100000,02-3423-7115,서울특별시 강남구 테헤란로 지하340,,서울특별시 강남구청,37.504505,127.0489436,2020-08-16
"선릉역",선릉역 5번출구로부터 10미터 이내,서울특별시,강남구,지하철역,서울특별시 간접흡연 피해방지 조례  제5조 및 제8호,,100000,02-3423-7115,서울특별시 강남구 테헤란로 지하340,,서울특별시 강남구청,37.504505,127.0489436,2020-08-16
"선릉역",선릉역 6번출구로부터 10미터 이내,서울특별시,강남구,지하철역,서울특별시 간접흡연 피해방지 조례  제5조 및 제8호,,100000,02-3423-7115,서울특별시 강남구 테헤란로 지하340,,서울특별시 강남구청,37.504505,127.0489436,2020-08-16
"선릉역",선릉역 7번출구로부터 10미터 이내,서울특별시,강남구,지하철역,서울특별시 간접흡연 피해방지 조례  제5조 및 제8호,,100000,02-3423-7115,서울특별시 강남구 테헤란로 지하340,,서울특별시 강남구청,37.504505,127.0489436,2020-08-16
"선릉역",선릉역 8번출구로부터 10미터 이내,서울특별시,강남구,지하철역,서울특별시 간접흡연 피해방지 조례  제5조 및 제8호,,100000,02-3423-7115,서울특별시 강남구 테헤란로 지하340,,서울특별시 강남구청,37.504505,127.0489436,2020-08-16
"선릉역",선릉역 9번출구로부터 10미터 이내,서울특별시,강남구,지하철역,서울특별시 간접흡연 피해방지 조례  제5조 및 제8호,,100000,02-3423-7115,서울특별시 강남구 테헤란로 지하340,,서울특별시 강남구청,37.504505,127.0489436,2020-08-16
"선릉역",선릉역 10번출구로부터 10미터 이내,서울특별시,강남구,지하철역,서울특별시 간접흡연 피해방지 조례  제5조 및 제8호,,100000,02-3423-7115,서울특별시 강남구 테헤란로 지하340,,서울특별시 강남구청,37.504505,127.0489436,2020-08-16
"선정릉역",선정릉역 1번출구로부터 10미터 이내,서울특별시,강남구,지하철역,서울특별시 간접흡연 피해방지 조례  제5조 및 제8호,,100000,02-3423-7115,서울특별시 강남구 선릉로 지하580,,서울특별시 강남구청,37.51085335,127.0436408,2020-08-16
"선정릉역",선정릉역 2번출구로부터 10미터 이내,서울특별시,강남구,지하철역,서울특별시 간접흡연 피해방지 조례  제5조 및 제8호,,100000,02-3423-7115,서울특별시 강남구 선릉로 지하580,,서울특별시 강남구청,37.51085335,127.0436408,2020-08-16
"강남역",강남역 11번출구로부터 10미터 이내,서울특별시,강남구,지하철역,서울특별시 간접흡연 피해방지 조례  제5조 및 제8호,,100000,02-3423-7115,서울특별시 강남구 강남대로 지하396,,서울특별시 강남구청,37.49816465,127.0283079,2020-08-16
"강남구청역",강남구청역 1번출구로부터 10미터 이내,서울특별시,강남구,지하철역,서울특별시 간접흡연 피해방지 조례  제5조 및 제8호,,100000,02-3423-7115,서울특별시 강남구 학동로 지하346,,서울특별시 강남구청,37.51719005,127.0413008,2020-08-16
"강남구청역",강남구청역 2번출구로부터 10미터 이내,서울특별시,강남구,지하철역,서울특별시 간접흡연 피해방지 조례  제5조 및 제8호,,100000,02-3423-7115,서울특별시 강남구 학동로 지하346,,서울특별시 강남구청,37.51719005,127.0413008,2020-08-16
"강남구청역",강남구청역 3번출구로부터 10미터 이내,서울특별시,강남구,지하철역,서울특별시 간접흡연 피해방지 조례  제5조 및 제8호,,100000,02-3423-7115,서울특별시 강남구 학동로 지하346,,서울특별시 강남구청,37.51719005,127.0413008,2020-08-16
"강남구청역",강남구청역 4번출구로부터 10미터 이내,서울특별시,강남구,지하철역,서울특별시 간접흡연 피해방지 조례  제5조 및 제8호,,100000,02-3423-7115,서울특별시 강남구 학동로 지하346,,서울특별시 강남구청,37.51719005,127.0413008,2020-08-16
"개포동역",개포동역 1번출구로부터 10미터 이내,서울특별시,강남구,지하철역,서울특별시 간접흡연 피해방지 조례  제5조 및 제8호,,100000,02-3423-7115,서울특별시 강남구 개포로 지하420,,서울특별시 강남구청,37.48924739,127.0664736,2020-08-16
"개포동역",개포동역 2번출구로부터 10미터 이내,서울특별시,강남구,지하철역,서울특별시 간접흡연 피해방지 조례  제5조 및 제8호,,100000,02-3423-7115,서울특별시 강남구 개포로 지하420,,서울특별시 강남구청,37.48924739,127.0664736,2020-08-16
"개포동역",개포동역 3번출구로부터 10미터 이내,서울특별시,강남구,지하철역,서울특별시 간접흡연 피해방지 조례  제5조 및 제8호,,100000,02-3423-7115,서울특별시 강남구 개포로 지하420,,서울특별시 강남구청,37.48924739,127.0664736,2020-08-16
"개포동역",개포동역 4번출구로부터 10미터 이내,서울특별시,강남구,지하철역,서울특별시 간접흡연 피해방지 조례  제5조 및 제8호,,100000,02-3423-7115,서울특별시 강남구 개포로 지하420,,서울특별시 강남구청,37.48924739,127.0664736,2020-08-16
"개포동역",개포동역 5번출구로부터 10미터 이내,서울특별시,강남구,지하철역,서울특별시 간접흡연 피해방지 조례  제5조 및 제8호,,100000,02-3423-7115,서울특별시 강남구 개포로 지하420,,서울특별시 강남구청,37.48924739,127.0664736,2020-08-16
"개포동역",개포동역 6번출구로부터 10미터 이내,서울특별시,강남구,지하철역,서울특별시 간접흡연 피해방지 조례  제5조 및 제8호,,100000,02-3423-7115,서울특별시 강남구 개포로 지하420,,서울특별시 강남구청,37.48924739,127.0664736,2020-08-16
"개포동역",개포동역 7번출구로부터 10미터 이내,서울특별시,강남구,지하철역,서울특별시 간접흡연 피해방지 조례  제5조 및 제8호,,100000,02-3423-7115,서울특별시 강남구 개포로 지하420,,서울특별시 강남구청,37.48924739,127.0664736,2020-08-16
"한티역",한티역 4번출구로부터 10미터 이내,서울특별시,강남구,지하철역,서울특별시 간접흡연 피해방지 조례  제5조 및 제8호,,100000,02-3423-7115,서울특별시 강남구 선릉로 지하228,,서울특별시 강남구청,37.496225,127.0528826,2020-08-16
"한티역",한티역 5번출구로부터 10미터 이내,서울특별시,강남구,지하철역,서울특별시 간접흡연 피해방지 조례  제5조 및 제8호,,100000,02-3423-7115,서울특별시 강남구 선릉로 지하228,,서울특별시 강남구청,37.496225,127.0528826,2020-08-16
"한티역",한티역 6번출구로부터 10미터 이내,서울특별시,강남구,지하철역,서울특별시 간접흡연 피해방지 조례  제5조 및 제8호,,100000,02-3423-7115,서울특별시 강남구 선릉로 지하228,,서울특별시 강남구청,37.496225,127.0528826,2020-08-16
"한티역",한티역 7번출구로부터 10미터 이내,서울특별시,강남구,지하철역,서울특별시 간접흡연 피해방지 조례  제5조 및 제8호,,100000,02-3423-7115,서울특별시 강남구 선릉로 지하228,,서울특별시 강남구청,37.496225,127.0528826,2020-08-16
"한티역",한티역 8번출구로부터 10미터 이내,서울특별시,강남구,지하철역,서울특별시 간접흡연 피해방지 조례  제5조 및 제8호,,100000,02-3423-7115,서울특별시 강남구 선릉로 지하228,,서울특별시 강남구청,37.496225,127.0528826,2020-08-16
"선정릉역",선정릉역 3번출구로부터 10미터 이내,서울특별시,강남구,지하철역,서울특별시 간접흡연 피해방지 조례  제5조 및 제8호,,100000,02-3423-7115,서울특별시 강남구 선릉로 지하580,,서울특별시 강남구청,37.51085335,127.0436408,2020-08-16
"선정릉역",선정릉역 4번출구로부터 10미터 이내,서울특별시,강남구,지하철역,서울특별시 간접흡연 피해방지 조례  제5조 및 제8호,,100000,02-3423-7115,서울특별시 강남구 선릉로 지하580,,서울특별시 강남구청,37.51085335,127.0436408,2020-08-16
"수서역",수서역 1번출구로부터 10미터 이내,서울특별시,강남구,지하철역,서울특별시 간접흡연 피해방지 조례  제5조 및 제8호,,100000,02-3423-7115,서울특별시 강남구 광평로 지하270,,서울특별시 강남구청,37.48738773,127.1018585,2020-08-16
"수서역",수서역 2번출구로부터 10미터 이내,서울특별시,강남구,지하철역,서울특별시 간접흡연 피해방지 조례  제5조 및 제8호,,100000,02-3423-7115,서울특별시 강남구 광평로 지하270,,서울특별시 강남구청,37.48738773,127.1018585,2020-08-16
"수서역",수서역 3번출구로부터 10미터 이내,서울특별시,강남구,지하철역,서울특별시 간접흡연 피해방지 조례  제5조 및 제8호,,100000,02-3423-7115,서울특별시 강남구 광평로 지하270,,서울특별시 강남구청,37.48738773,127.1018585,2020-08-16
"수서역",수서역 4번출구로부터 10미터 이내,서울특별시,강남구,지하철역,서울특별시 간접흡연 피해방지 조례  제5조 및 제8호,,100000,02-3423-7115,서울특별시 강남구 광평로 지하270,,서울특별시 강남구청,37.48738773,127.1018585,2020-08-16
"수서역",수서역 5번출구로부터 10미터 이내,서울특별시,강남구,지하철역,서울특별시 간접흡연 피해방지 조례  제5조 및 제8호,,100000,02-3423-7115,서울특별시 강남구 광평로 지하270,,서울특별시 강남구청,37.48738773,127.1018585,2020-08-16
"수서역",수서역 6번출구로부터 10미터 이내,서울특별시,강남구,지하철역,서울특별시 간접흡연 피해방지 조례  제5조 및 제8호,,100000,02-3423-7115,서울특별시 강남구 광평로 지하270,,서울특별시 강남구청,37.48738773,127.1018585,2020-08-16
"수서역",수서역 7번출구로부터 10미터 이내,서울특별시,강남구,지하철역,서울특별시 간접흡연 피해방지 조례  제5조 및 제8호,,100000,02-3423-7115,서울특별시 강남구 광평로 지하270,,서울특별시 강남구청,37.48738773,127.1018585,2020-08-16
"개포동역",개포동역 8번출구로부터 10미터 이내,서울특별시,강남구,지하철역,서울특별시 간접흡연 피해방지 조례  제5조 및 제8호,,100000,02-3423-7115,서울특별시 강남구 개포로 지하420,,서울특별시 강남구청,37.48924739,127.0664736,2020-08-16
"구룡역",구룡역 1번출구로부터 10미터 이내,서울특별시,강남구,지하철역,서울특별시 간접흡연 피해방지 조례  제5조 및 제8호,,100000,02-3423-7115,서울특별시 강남구 개포로 403,,서울특별시 강남구청,37.48657717,127.0590041,2020-08-16
"구룡역",구룡역 2번출구로부터 10미터 이내,서울특별시,강남구,지하철역,서울특별시 간접흡연 피해방지 조례  제5조 및 제8호,,100000,02-3423-7115,서울특별시 강남구 개포로 403,,서울특별시 강남구청,37.48657717,127.0590041,2020-08-16
"구룡역",구룡역 3번출구로부터 10미터 이내,서울특별시,강남구,지하철역,서울특별시 간접흡연 피해방지 조례  제5조 및 제8호,,100000,02-3423-7115,서울특별시 강남구 개포로 403,,서울특별시 강남구청,37.48657717,127.0590041,2020-08-16
"구룡역",구룡역 4번출구로부터 10미터 이내,서울특별시,강남구,지하철역,서울특별시 간접흡연 피해방지 조례  제5조 및 제8호,,100000,02-3423-7115,서울특별시 강남구 개포로 403,,서울특별시 강남구청,37.48657717,127.0590041,2020-08-16
"구룡역",구룡역 5번출구로부터 10미터 이내,서울특별시,강남구,지하철역,서울특별시 간접흡연 피해방지 조례  제5조 및 제8호,,100000,02-3423-7115,서울특별시 강남구 개포로 403,,서울특별시 강남구청,37.48657717,127.0590041,2020-08-16
"논현역",논현역 1번출구로부터 10미터 이내,서울특별시,강남구,지하철역,서울특별시 간접흡연 피해방지 조례  제5조 및 제8호,,100000,02-3423-7115,서울특별시 강남구 학동로 지하102,,서울특별시 강남구청,37.5111982,127.0216576,2020-08-16
"논현역",논현역 2번출구로부터 10미터 이내,서울특별시,강남구,지하철역,서울특별시 간접흡연 피해방지 조례  제5조 및 제8호,,100000,02-3423-7115,서울특별시 강남구 학동로 지하102,,서울특별시 강남구청,37.5111982,127.0216576,2020-08-16
"논현역",논현역 7번출구로부터 10미터 이내,서울특별시,강남구,지하철역,서울특별시 간접흡연 피해방지 조례  제5조 및 제8호,,100000,02-3423-7115,서울특별시 강남구 학동로 지하102,,서울특별시 강남구청,37.5111982,127.0216576,2020-08-16
"논현역",논현역 8번출구로부터 10미터 이내,서울특별시,강남구,지하철역,서울특별시 간접흡연 피해방지 조례  제5조 및 제8호,,100000,02-3423-7115,서울특별시 강남구 학동로 지하102,,서울특별시 강남구청,37.5111982,127.0216576,2020-08-16
"대모산입구역",대모산입구역 1번출구로부터 10미터 이내,서울특별시,강남구,지하철역,서울특별시 간접흡연 피해방지 조례  제5조 및 제8호,,100000,02-3423-7115,서울특별시 강남구 개포로 지하522,,서울특별시 강남구청,37.49154641,127.0731698,2020-08-16
"대모산입구역",대모산입구역 2번출구로부터 10미터 이내,서울특별시,강남구,지하철역,서울특별시 간접흡연 피해방지 조례  제5조 및 제8호,,100000,02-3423-7115,서울특별시 강남구 개포로 지하522,,서울특별시 강남구청,37.49154641,127.0731698,2020-08-16
"신논현역",신논현역 3번출구로부터 10미터 이내,서울특별시,강남구,지하철역,서울특별시 간접흡연 피해방지 조례  제5조 및 제8호,,100000,02-3423-7115,서울특별시 강남구 봉은사로 지하102,,서울특별시 강남구청,37.50463461,127.0250305,2020-08-16
"신논현역",신논현역 4번출구로부터 10미터 이내,서울특별시,강남구,지하철역,서울특별시 간접흡연 피해방지 조례  제5조 및 제8호,,100000,02-3423-7115,서울특별시 강남구 봉은사로 지하102,,서울특별시 강남구청,37.50463461,127.0250305,2020-08-16
"신논현역",신논현역 5번출구로부터 10미터 이내,서울특별시,강남구,지하철역,서울특별시 간접흡연 피해방지 조례  제5조 및 제8호,,100000,02-3423-7115,서울특별시 강남구 봉은사로 지하102,,서울특별시 강남구청,37.50463461,127.0250305,2020-08-16
"신사역",신사역 1번출구로부터 10미터 이내,서울특별시,강남구,지하철역,서울특별시 간접흡연 피해방지 조례  제5조 및 제8호,,100000,02-3423-7115,서울특별시 강남구 도산대로 지하102,,서울특별시 강남구청,37.51643147,127.0203289,2020-08-16
"신사역",신사역 2번출구로부터 10미터 이내,서울특별시,강남구,지하철역,서울특별시 간접흡연 피해방지 조례  제5조 및 제8호,,100000,02-3423-7115,서울특별시 강남구 도산대로 지하102,,서울특별시 강남구청,37.51643147,127.0203289,2020-08-16
"신사역",신사역 3번출구로부터 10미터 이내,서울특별시,강남구,지하철역,서울특별시 간접흡연 피해방지 조례  제5조 및 제8호,,100000,02-3423-7115,서울특별시 강남구 도산대로 지하102,,서울특별시 강남구청,37.51643147,127.0203289,2020-08-16
"신사역",신사역 4번출구로부터 10미터 이내,서울특별시,강남구,지하철역,서울특별시 간접흡연 피해방지 조례  제5조 및 제8호,,100000,02-3423-7115,서울특별시 강남구 도산대로 지하102,,서울특별시 강남구청,37.51643147,127.0203289,2020-08-16
"신사역",신사역 5번출구로부터 10미터 이내,서울특별시,강남구,지하철역,서울특별시 간접흡연 피해방지 조례  제5조 및 제8호,,100000,02-3423-7115,서울특별시 강남구 도산대로 지하102,,서울특별시 강남구청,37.51643147,127.0203289,2020-08-16
"신사역",신사역 6번출구로부터 10미터 이내,서울특별시,강남구,지하철역,서울특별시 간접흡연 피해방지 조례  제5조 및 제8호,,100000,02-3423-7115,서울특별시 강남구 도산대로 지하102,,서울특별시 강남구청,37.51643147,127.0203289,2020-08-16
"압구정역",압구정역 1번출구로부터 10미터 이내,서울특별시,강남구,지하철역,서울특별시 간접흡연 피해방지 조례  제5조 및 제8호,,100000,02-3423-7115,서울특별시 강남구 압구정로 172,,서울특별시 강남구청,37.52682742,127.0281966,2020-08-16
"대모산입구역",대모산입구역 3번출구로부터 10미터 이내,서울특별시,강남구,지하철역,서울특별시 간접흡연 피해방지 조례  제5조 및 제8호,,100000,02-3423-7115,서울특별시 강남구 개포로 지하522,,서울특별시 강남구청,37.49154641,127.0731698,2020-08-16
"대모산입구역",대모산입구역 4번출구로부터 10미터 이내,서울특별시,강남구,지하철역,서울특별시 간접흡연 피해방지 조례  제5조 및 제8호,,100000,02-3423-7115,서울특별시 강남구 개포로 지하522,,서울특별시 강남구청,37.49154641,127.0731698,2020-08-16
"대모산입구역",대모산입구역 5번출구로부터 10미터 이내,서울특별시,강남구,지하철역,서울특별시 간접흡연 피해방지 조례  제5조 및 제8호,,100000,02-3423-7115,서울특별시 강남구 개포로 지하522,,서울특별시 강남구청,37.49154641,127.0731698,2020-08-16
"대모산입구역",대모산입구역 6번출구로부터 10미터 이내,서울특별시,강남구,지하철역,서울특별시 간접흡연 피해방지 조례  제5조 및 제8호,,100000,02-3423-7115,서울특별시 강남구 개포로 지하522,,서울특별시 강남구청,37.49154641,127.0731698,2020-08-16
"대모산입구역",대모산입구역 7번출구로부터 10미터 이내,서울특별시,강남구,지하철역,서울특별시 간접흡연 피해방지 조례  제5조 및 제8호,,100000,02-3423-7115,서울특별시 강남구 개포로 지하522,,서울특별시 강남구청,37.49154641,127.0731698,2020-08-16
"대모산입구역",대모산입구역 8번출구로부터 10미터 이내,서울특별시,강남구,지하철역,서울특별시 간접흡연 피해방지 조례  제5조 및 제8호,,100000,02-3423-7115,서울특별시 강남구 개포로 지하522,,서울특별시 강남구청,37.49154641,127.0731698,2020-08-16
"대청역",대청역 1번출구로부터 10미터 이내,서울특별시,강남구,지하철역,서울특별시 간접흡연 피해방지 조례  제5조 및 제8호,,100000,02-3423-7115,서울특별시 강남구 일원로 지하2,,서울특별시 강남구청,37.49372276,127.0794953,2020-08-16
"압구정역",압구정역 2번출구로부터 10미터 이내,서울특별시,강남구,지하철역,서울특별시 간접흡연 피해방지 조례  제5조 및 제8호,,100000,02-3423-7115,서울특별시 강남구 압구정로 172,,서울특별시 강남구청,37.52682742,127.0281966,2020-08-16
"압구정역",압구정역 3번출구로부터 10미터 이내,서울특별시,강남구,지하철역,서울특별시 간접흡연 피해방지 조례  제5조 및 제8호,,100000,02-3423-7115,서울특별시 강남구 압구정로 172,,서울특별시 강남구청,37.52682742,127.0281966,2020-08-16
"압구정역",압구정역 4번출구로부터 10미터 이내,서울특별시,강남구,지하철역,서울특별시 간접흡연 피해방지 조례  제5조 및 제8호,,100000,02-3423-7115,서울특별시 강남구 압구정로 172,,서울특별시 강남구청,37.52682742,127.0281966,2020-08-16
"압구정역",압구정역 5번출구로부터 10미터 이내,서울특별시,강남구,지하철역,서울특별시 간접흡연 피해방지 조례  제5조 및 제8호,,100000,02-3423-7115,서울특별시 강남구 압구정로 172,,서울특별시 강남구청,37.52682742,127.0281966,2020-08-16
"압구정역",압구정역 6번출구로부터 10미터 이내,서울특별시,강남구,지하철역,서울특별시 간접흡연 피해방지 조례  제5조 및 제8호,,100000,02-3423-7115,서울특별시 강남구 압구정로 172,,서울특별시 강남구청,37.52682742,127.0281966,2020-08-16
"압구정로데오역",압구정로데오역 1번출구로부터 10미터 이내,서울특별시,강남구,지하철역,서울특별시 간접흡연 피해방지 조례  제5조 및 제8호,,100000,02-3423-7115,서울특별시 강남구 압구정로 지하402,,서울특별시 강남구청,37.52729236,127.0405144,2020-08-16
"압구정로데오역",압구정로데오역 2번출구로부터 10미터 이내,서울특별시,강남구,지하철역,서울특별시 간접흡연 피해방지 조례  제5조 및 제8호,,100000,02-3423-7115,서울특별시 강남구 압구정로 지하402,,서울특별시 강남구청,37.52729236,127.0405144,2020-08-16
"압구정로데오역",압구정로데오역 3번출구로부터 10미터 이내,서울특별시,강남구,지하철역,서울특별시 간접흡연 피해방지 조례  제5조 및 제8호,,100000,02-3423-7115,서울특별시 강남구 압구정로 지하402,,서울특별시 강남구청,37.52729236,127.0405144,2020-08-16
"압구정로데오역",압구정로데오역 4번출구로부터 10미터 이내,서울특별시,강남구,지하철역,서울특별시 간접흡연 피해방지 조례  제5조 및 제8호,,100000,02-3423-7115,서울특별시 강남구 압구정로 지하402,,서울특별시 강남구청,37.52729236,127.0405144,2020-08-16
"압구정로데오역",압구정로데오]역 5번출구로부터 10미터 이내,서울특별시,강남구,지하철역,서울특별시 간접흡연 피해방지 조례  제5조 및 제8호,,100000,02-3423-7115,서울특별시 강남구 압구정로 지하402,,서울특별시 강남구청,37.52729236,127.0405144,2020-08-16
"압구정로데오역",압구정로데오역 6번출구로부터 10미터 이내,서울특별시,강남구,지하철역,서울특별시 간접흡연 피해방지 조례  제5조 및 제8호,,100000,02-3423-7115,서울특별시 강남구 압구정로 지하402,,서울특별시 강남구청,37.52729236,127.0405144,2020-08-16
"압구정로데오역",압구정로데오역 7번출구로부터 10미터 이내,서울특별시,강남구,지하철역,서울특별시 간접흡연 피해방지 조례  제5조 및 제8호,,100000,02-3423-7115,서울특별시 강남구 압구정로 지하402,,서울특별시 강남구청,37.52729236,127.0405144,2020-08-16
"양재역",양재역 3번출구로부터 10미터 이내,서울특별시,강남구,지하철역,서울특별시 간접흡연 피해방지 조례  제5조 및 제8호,,100000,02-3423-7115,서울특별시 서초구 남부순환로 지하2585,,서울특별시 강남구청,37.48393428,127.0345437,2020-08-16
"양재역",양재역 4번출구로부터 10미터 이내,서울특별시,강남구,지하철역,서울특별시 간접흡연 피해방지 조례  제5조 및 제8호,,100000,02-3423-7115,서울특별시 서초구 남부순환로 지하2585,,서울특별시 강남구청,37.48393428,127.0345437,2020-08-16
"대청역",대청역 2번출구로부터 10미터 이내,서울특별시,강남구,지하철역,서울특별시 간접흡연 피해방지 조례  제5조 및 제8호,,100000,02-3423-7115,서울특별시 강남구 일원로 지하2,,서울특별시 강남구청,37.49372276,127.0794953,2020-08-16
"대청역",대청역 3번출구로부터 10미터 이내,서울특별시,강남구,지하철역,서울특별시 간접흡연 피해방지 조례  제5조 및 제8호,,100000,02-3423-7115,서울특별시 강남구 일원로 지하2,,서울특별시 강남구청,37.49372276,127.0794953,2020-08-16
"대청역",대청역 4번출구로부터 10미터 이내,서울특별시,강남구,지하철역,서울특별시 간접흡연 피해방지 조례  제5조 및 제8호,,100000,02-3423-7115,서울특별시 강남구 일원로 지하2,,서울특별시 강남구청,37.49372276,127.0794953,2020-08-16
"대청역",대청역 5번출구로부터 10미터 이내,서울특별시,강남구,지하철역,서울특별시 간접흡연 피해방지 조례  제5조 및 제8호,,100000,02-3423-7115,서울특별시 강남구 일원로 지하2,,서울특별시 강남구청,37.49372276,127.0794953,2020-08-16
"대청역",대청역 6번출구로부터 10미터 이내,서울특별시,강남구,지하철역,서울특별시 간접흡연 피해방지 조례  제5조 및 제8호,,100000,02-3423-7115,서울특별시 강남구 일원로 지하2,,서울특별시 강남구청,37.49372276,127.0794953,2020-08-16
"대청역",대청역 7번출구로부터 10미터 이내,서울특별시,강남구,지하철역,서울특별시 간접흡연 피해방지 조례  제5조 및 제8호,,100000,02-3423-7115,서울특별시 강남구 일원로 지하2,,서울특별시 강남구청,37.49372276,127.0794953,2020-08-16
"대청역",대청역 8번출구로부터 10미터 이내,서울특별시,강남구,지하철역,서울특별시 간접흡연 피해방지 조례  제5조 및 제8호,,100000,02-3423-7115,서울특별시 강남구 일원로 지하2,,서울특별시 강남구청,37.49372276,127.0794953,2020-08-16
"대치역",대치역 1번출구로부터 10미터 이내,서울특별시,강남구,지하철역,서울특별시 간접흡연 피해방지 조례  제5조 및 제8호,,100000,02-3423-7115,서울특별시 강남구 남부순환로 지하2952,,서울특별시 강남구청,37.494569,127.063467,2020-08-16
"대치역",대치역 2번출구로부터 10미터 이내,서울특별시,강남구,지하철역,서울특별시 간접흡연 피해방지 조례  제5조 및 제8호,,100000,02-3423-7115,서울특별시 강남구 남부순환로 지하2952,,서울특별시 강남구청,37.494569,127.063467,2020-08-16
"대치역",대치역 3번출구로부터 10미터 이내,서울특별시,강남구,지하철역,서울특별시 간접흡연 피해방지 조례  제5조 및 제8호,,100000,02-3423-7115,서울특별시 강남구 남부순환로 지하2952,,서울특별시 강남구청,37.494569,127.063467,2020-08-16
"대치역",대치역 4번출구로부터 10미터 이내,서울특별시,강남구,지하철역,서울특별시 간접흡연 피해방지 조례  제5조 및 제8호,,100000,02-3423-7115,서울특별시 강남구 남부순환로 지하2952,,서울특별시 강남구청,37.494569,127.063467,2020-08-16
"대치역",대치역 5번출구로부터 10미터 이내,서울특별시,강남구,지하철역,서울특별시 간접흡연 피해방지 조례  제5조 및 제8호,,100000,02-3423-7115,서울특별시 강남구 남부순환로 지하2952,,서울특별시 강남구청,37.494569,127.063467,2020-08-16
"대치역",대치역 6번출구로부터 10미터 이내,서울특별시,강남구,지하철역,서울특별시 간접흡연 피해방지 조례  제5조 및 제8호,,100000,02-3423-7115,서울특별시 강남구 남부순환로 지하2952,,서울특별시 강남구청,37.494569,127.063467,2020-08-16
"대치역",대치역 7번출구로부터 10미터 이내,서울특별시,강남구,지하철역,서울특별시 간접흡연 피해방지 조례  제5조 및 제8호,,100000,02-3423-7115,서울특별시 강남구 남부순환로 지하2952,,서울특별시 강남구청,37.494569,127.063467,2020-08-16
"대치역",대치역 8번출구로부터 10미터 이내,서울특별시,강남구,지하철역,서울특별시 간접흡연 피해방지 조례  제5조 및 제8호,,100000,02-3423-7115,서울특별시 강남구 남부순환로 지하2952,,서울특별시 강남구청,37.494569,127.063467,2020-08-16
"언주역",언주역 1번출구로부터 10미터 이내,서울특별시,강남구,지하철역,서울특별시 간접흡연 피해방지 조례  제5조 및 제8호,,100000,02-3423-7115,서울특별시 강남구 봉은사로 지하201,,서울특별시 강남구청,37.50744703,127.0342831,2020-08-16
"언주역",언주역 2번출구로부터 10미터 이내,서울특별시,강남구,지하철역,서울특별시 간접흡연 피해방지 조례  제5조 및 제8호,,100000,02-3423-7115,서울특별시 강남구 봉은사로 지하201,,서울특별시 강남구청,37.50744703,127.0342831,2020-08-16
"언주역",언주역 3번출구로부터 10미터 이내,서울특별시,강남구,지하철역,서울특별시 간접흡연 피해방지 조례  제5조 및 제8호,,100000,02-3423-7115,서울특별시 강남구 봉은사로 지하201,,서울특별시 강남구청,37.50744703,127.0342831,2020-08-16
"언주역",언주역 4번출구로부터 10미터 이내,서울특별시,강남구,지하철역,서울특별시 간접흡연 피해방지 조례  제5조 및 제8호,,100000,02-3423-7115,서울특별시 강남구 봉은사로 지하201,,서울특별시 강남구청,37.50744703,127.0342831,2020-08-16
"언주역",언주역 5번출구로부터 10미터 이내,서울특별시,강남구,지하철역,서울특별시 간접흡연 피해방지 조례  제5조 및 제8호,,100000,02-3423-7115,서울특별시 강남구 봉은사로 지하201,,서울특별시 강남구청,37.50744703,127.0342831,2020-08-16
"도곡역",도곡역 1번출구로부터 10미터 이내,서울특별시,강남구,지하철역,서울특별시 간접흡연 피해방지 조례  제5조 및 제8호,,100000,02-3423-7115,서울특별시 강남구 남부순환로 지하2814,,서울특별시 강남구청,37.49086414,127.055382,2020-08-16
"도곡역",도곡역 2번출구로부터 10미터 이내,서울특별시,강남구,지하철역,서울특별시 간접흡연 피해방지 조례  제5조 및 제8호,,100000,02-3423-7115,서울특별시 강남구 남부순환로 지하2814,,서울특별시 강남구청,37.49086414,127.055382,2020-08-16
"도곡역",도곡역 3번출구로부터 10미터 이내,서울특별시,강남구,지하철역,서울특별시 간접흡연 피해방지 조례  제5조 및 제8호,,100000,02-3423-7115,서울특별시 강남구 남부순환로 지하2814,,서울특별시 강남구청,37.49086414,127.055382,2020-08-16
"도곡역",도곡역 4번출구로부터 10미터 이내,서울특별시,강남구,지하철역,서울특별시 간접흡연 피해방지 조례  제5조 및 제8호,,100000,02-3423-7115,서울특별시 강남구 남부순환로 지하2814,,서울특별시 강남구청,37.49086414,127.055382,2020-08-16
"강남역(12번출구)",지하철 출입구로부터 10m까지,서울특별시,강남구,지하철 출입구,서울특별시 간접흡연 피해방지 조례  제5조 및 제8호,,100000,02-3423-7115,서울특별시 강남구 강남대로 지하396,,서울특별시 강남구청,37.49816465,127.0283079,2020-08-16
"역삼역(1번출구)",지하철 출입구로부터 10m까지,서울특별시,강남구,지하철 출입구,서울특별시 간접흡연 피해방지 조례  제5조 및 제8호,,100000,02-3423-7115,서울특별시 강남구 테헤란로 지하156,,서울특별시 강남구청,37.50071762,127.0366188,2020-08-16
"역삼역(2번출구)",지하철 출입구로부터 10m까지,서울특별시,강남구,지하철 출입구,서울특별시 간접흡연 피해방지 조례  제5조 및 제8호,,100000,02-3423-7115,서울특별시 강남구 테헤란로 지하156,,서울특별시 강남구청,37.50071762,127.0366188,2020-08-16
"역삼역(3번출구)",지하철 출입구로부터 10m까지,서울특별시,강남구,지하철 출입구,서울특별시 간접흡연 피해방지 조례  제5조 및 제8호,,100000,02-3423-7115,서울특별시 강남구 테헤란로 지하156,,서울특별시 강남구청,37.50071762,127.0366188,2020-08-16
"역삼역(4번출구)",지하철 출입구로부터 10m까지,서울특별시,강남구,지하철 출입구,서울특별시 간접흡연 피해방지 조례  제5조 및 제8호,,100000,02-3423-7115,서울특별시 강남구 테헤란로 지하156,,서울특별시 강남구청,37.50071762,127.0366188,2020-08-16
"역삼역(5번출구)",지하철 출입구로부터 10m까지,서울특별시,강남구,지하철 출입구,서울특별시 간접흡연 피해방지 조례  제5조 및 제8호,,100000,02-3423-7115,서울특별시 강남구 테헤란로 지하156,,서울특별시 강남구청,37.50071762,127.0366188,2020-08-16
"역삼역(6번출구)",지하철 출입구로부터 10m까지,서울특별시,강남구,지하철 출입구,서울특별시 간접흡연 피해방지 조례  제5조 및 제8호,,100000,02-3423-7115,서울특별시 강남구 테헤란로 지하156,,서울특별시 강남구청,37.50071762,127.0366188,2020-08-16
"역삼역(7번출구)",지하철 출입구로부터 10m까지,서울특별시,강남구,지하철 출입구,서울특별시 간접흡연 피해방지 조례  제5조 및 제8호,,100000,02-3423-7115,서울특별시 강남구 테헤란로 지하156,,서울특별시 강남구청,37.50071762,127.0366188,2020-08-16
"역삼역(8번출구)",지하철 출입구로부터 10m까지,서울특별시,강남구,지하철 출입구,서울특별시 간접흡연 피해방지 조례  제5조 및 제8호,,100000,02-3423-7115,서울특별시 강남구 테헤란로 지하156,,서울특별시 강남구청,37.50071762,127.0366188,2020-08-16
"(주)남서울가스",영업허가 면적 경계선까지,서울특별시,강남구,가스충전소,서울특별시 강남구 금연환경 조성 및 간접흡연 피해방지 조례 제5조,,100000,02-3423-7115,서울특별시 강남구 남부순환로 3154,,서울특별시 강남구청,37.49769703,127.0754737,2020-08-16
"(주)진양가스",영업허가 면적 경계선까지,서울특별시,강남구,가스충전소,서울특별시 강남구 금연환경 조성 및 간접흡연 피해방지 조례 제5조,,100000,02-3423-7115,서울특별시 강남구 도곡로 142,,서울특별시 강남구청,37.4905153,127.0357677,2020-08-16
"(주)상현상사",영업허가 면적 경계선까지,서울특별시,강남구,가스충전소,서울특별시 강남구 금연환경 조성 및 간접흡연 피해방지 조례 제5조,,100000,02-3423-7115,서울특별시 강남구 학동로 204,,서울특별시 강남구청,37.51378375,127.0312094,2020-08-16
"(주)삼진에너지",영업허가 면적 경계선까지,서울특별시,강남구,가스충전소,서울특별시 강남구 금연환경 조성 및 간접흡연 피해방지 조례 제5조,,100000,02-3423-7115,서울특별시 강남구 남부순환로 3179,,서울특별시 강남구청,37.49945765,127.0781625,2020-08-16
"(주)수서에너지",영업허가 면적 경계선까지,서울특별시,강남구,가스충전소,서울특별시 강남구 금연환경 조성 및 간접흡연 피해방지 조례 제5조,,100000,02-3423-7115,서울특별시 강남구 밤고개로 127,,서울특별시 강남구청,37.48293391,127.1051087,2020-08-16
"개인택시조합복지강남제2충전소",영업허가 면적 경계선까지,서울특별시,강남구,가스충전소,서울특별시 강남구 금연환경 조성 및 간접흡연 피해방지 조례 제5조,,100000,02-3423-7115,서울특별시 강남구 밤고개로 200,,서울특별시 강남구청,37.47649329,127.1053394,2020-08-16
"(주)도선제이엔디아이엔씨",영업허가 면적 경계선까지,서울특별시,강남구,가스충전소,서울특별시 강남구 금연환경 조성 및 간접흡연 피해방지 조례 제5조,,100000,02-3423-7115,서울특별시 강남구 양재대로 486,,서울특별시 강남구청,37.4790041,127.0657093,2020-08-16
"경원주유소",영업허가 면적 경계선까지,서울특별시,강남구,주유소,서울특별시 강남구 금연환경 조성 및 간접흡연 피해방지 조례 제5조,,100000,02-3423-7115,서울특별시 강남구 도산대로 428,,서울특별시 강남구청,37.5232547,127.0427203,2020-08-16
"매봉주유소",영업허가 면적 경계선까지,서울특별시,강남구,주유소,서울특별시 강남구 금연환경 조성 및 간접흡연 피해방지 조례 제5조,,100000,02-3423-7115,서울특별시 강남구 언주로 307,,서울특별시 강남구청,37.4948481,127.0458254,2020-08-16
"갤러리아주유소",영업허가 면적 경계선까지,서울특별시,강남구,주유소,서울특별시 강남구 금연환경 조성 및 간접흡연 피해방지 조례 제5조,,100000,02-3423-7115,서울특별시 강남구 압구정로 426,,서울특별시 강남구청,37.52681556,127.0435149,2020-08-16
"주성주유소",영업허가 면적 경계선까지,서울특별시,강남구,주유소,서울특별시 강남구 금연환경 조성 및 간접흡연 피해방지 조례 제5조,,100000,02-3423-7115,서울특별시 강남구 영동대로 716,,서울특별시 강남구청,37.5219195,127.056679,2020-08-16
"삼보주유소",영업허가 면적 경계선까지,서울특별시,강남구,주유소,서울특별시 강남구 금연환경 조성 및 간접흡연 피해방지 조례 제5조,,100000,02-3423-7115,서울특별시 강남구 봉은사로 433,,서울특별시 강남구청,37.5115134,127.0471159,2020-08-16
GS칼텍스㈜강남그린점,영업허가 면적 경계선까지,서울특별시,강남구,주유소,서울특별시 강남구 금연환경 조성 및 간접흡연 피해방지 조례 제5조,,100000,02-3423-7115,서울특별시 강남구 봉은사로 222,,서울특별시 강남구청,37.50782479,127.0364686,2020-08-16
"힐탑주유소",영업허가 면적 경계선까지,서울특별시,강남구,주유소,서울특별시 강남구 금연환경 조성 및 간접흡연 피해방지 조례 제5조,,100000,02-3423-7115,서울특별시 강남구 논현로 640,,서울특별시 강남구청,37.51073434,127.0327236,2020-08-16
"성원주유소",영업허가 면적 경계선까지,서울특별시,강남구,주유소,서울특별시 강남구 금연환경 조성 및 간접흡연 피해방지 조례 제5조,,100000,02-3423-7115,서울특별시 강남구 봉은사로1길 6,,서울특별시 강남구청,37.5052205,127.0252342,2020-08-16
"대교주유소",영업허가 면적 경계선까지,서울특별시,강남구,주유소,서울특별시 강남구 금연환경 조성 및 간접흡연 피해방지 조례 제5조,,100000,02-3423-7115,서울특별시 강남구 강남대로 640,,서울특별시 강남구청,37.5189616357,127.0194295267,2020-08-16
"㈜새서울주유소카젠",영업허가 면적 경계선까지,서울특별시,강남구,주유소,서울특별시 강남구 금연환경 조성 및 간접흡연 피해방지 조례 제5조,,100000,02-3423-7115,서울특별시 강남구 도산대로 163,,서울특별시 강남구청,37.51950451,127.0263136,2020-08-16
"은마주유소",영업허가 면적 경계선까지,서울특별시,강남구,주유소,서울특별시 강남구 금연환경 조성 및 간접흡연 피해방지 조례 제5조,,100000,02-3423-7115,서울특별시 강남구 영동대로 235,,서울특별시 강남구청,37.5000267,127.0671775,2020-08-16
"현대오일뱅크㈜직영산성주유소",영업허가 면적 경계선까지,서울특별시,강남구,주유소,서울특별시 강남구 금연환경 조성 및 간접흡연 피해방지 조례 제5조,,100000,02-3423-7115,서울특별시 강남구 헌릉로 730,,서울특별시 강남구청,37.46655833,127.1190391,2020-08-16
"한강에너지㈜강남제일주유소",영업허가 면적 경계선까지,서울특별시,강남구,주유소,서울특별시 강남구 금연환경 조성 및 간접흡연 피해방지 조례 제5조,,100000,02-3423-7115,서울특별시 강남구 역삼로 205,,서울특별시 강남구청,37.4963518,127.0396111,2020-08-16
"현대오일뱅크㈜직영 유진주유소",영업허가 면적 경계선까지,서울특별시,강남구,주유소,서울특별시 강남구 금연환경 조성 및 간접흡연 피해방지 조례 제5조,,100000,02-3423-7115,서울특별시 강남구 논현로 152,,서울특별시 강남구청,37.4833216,127.0427927,2020-08-16
"오일프러스주유소",영업허가 면적 경계선까지,서울특별시,강남구,주유소,서울특별시 강남구 금연환경 조성 및 간접흡연 피해방지 조례 제5조,,100000,02-3423-7115,서울특별시 강남구 남부순환로 2651,,서울특별시 강남구청,37.4858004,127.0395649,2020-08-16
"㈜잠실에너지 명품주유소",영업허가 면적 경계선까지,서울특별시,강남구,주유소,서울특별시 강남구 금연환경 조성 및 간접흡연 피해방지 조례 제5조,,100000,02-3423-7115,서울특별시 강남구 도곡로 249,,서울특별시 강남구청,37.494102,127.0455082,2020-08-16
"자곡주유소",영업허가 면적 경계선까지,서울특별시,강남구,주유소,서울특별시 강남구 금연환경 조성 및 간접흡연 피해방지 조례 제5조,,100000,02-3423-7115,서울특별시 강남구 밤고개로 120,,서울특별시 강남구청,37.48353315,127.1040106,2020-08-16
"㈜중앙에너비스 수서지점",영업허가 면적 경계선까지,서울특별시,강남구,주유소,서울특별시 강남구 금연환경 조성 및 간접흡연 피해방지 조례 제5조,,100000,02-3423-7115,서울특별시 강남구 광평로 202,,서울특별시 강남구청,37.48403089,127.0949776,2020-08-16
"방죽주유소",영업허가 면적 경계선까지,서울특별시,강남구,주유소,서울특별시 강남구 금연환경 조성 및 간접흡연 피해방지 조례 제5조,,100000,02-3423-7115,서울특별시 강남구 밤고개로 215,,서울특별시 강남구청,37.4749397,127.1068516,2020-08-16
"논현동주유소",영업허가 면적 경계선까지,서울특별시,강남구,주유소,서울특별시 강남구 금연환경 조성 및 간접흡연 피해방지 조례 제5조,,100000,02-3423-7115,서울특별시 강남구 학동로 229,,서울특별시 강남구청,37.5152481,127.0340062,2020-08-16
"㈜소모석유쎈트럴주유소",영업허가 면적 경계선까지,서울특별시,강남구,주유소,서울특별시 강남구 금연환경 조성 및 간접흡연 피해방지 조례 제5조,,100000,02-3423-7115,서울특별시 강남구 삼성로 335,,서울특별시 강남구청,37.5014022,127.059066,2020-08-16
"학여울주유소",영업허가 면적 경계선까지,서울특별시,강남구,주유소,서울특별시 강남구 금연환경 조성 및 간접흡연 피해방지 조례 제5조,,100000,02-3423-7115,서울특별시 강남구 남부순환로 3170,,서울특별시 강남구청,37.49844892,127.0775733,2020-08-16
GS칼텍스㈜직영 삼성로점,영업허가 면적 경계선까지,서울특별시,강남구,주유소,서울특별시 강남구 금연환경 조성 및 간접흡연 피해방지 조례 제5조,,100000,02-3423-7115,서울특별시 강남구 삼성로 563,,서울특별시 강남구청,37.5118836,127.0535949,2020-08-16
SK네트웍스㈜금성주유소,영업허가 면적 경계선까지,서울특별시,강남구,주유소,서울특별시 강남구 금연환경 조성 및 간접흡연 피해방지 조례 제5조,,100000,02-3423-7115,서울특별시 강남구 테헤란로 619,,서울특별시 강남구청,37.50991723,127.0651015,2020-08-16
GS칼텍스(주)동호점,영업허가 면적 경계선까지,서울특별시,강남구,주유소,서울특별시 강남구 금연환경 조성 및 간접흡연 피해방지 조례 제5조,,100000,02-3423-7115,서울특별시 강남구 봉은사로113길 51,,서울특별시 강남구청,37.51851304,127.0646604,2020-08-16
SK네트웍스㈜오천주유소,영업허가 면적 경계선까지,서울특별시,강남구,주유소,서울특별시 강남구 금연환경 조성 및 간접흡연 피해방지 조례 제5조,,100000,02-3423-7115,서울특별시 강남구 봉은사로 503,,서울특별시 강남구청,37.51350892,127.053786,2020-08-16
"새서울주유소",영업허가 면적 경계선까지,서울특별시,강남구,주유소,서울특별시 강남구 금연환경 조성 및 간접흡연 피해방지 조례 제5조,,100000,02-3423-7115,서울특별시 강남구 압구정로 154,,서울특별시 강남구청,37.5258295,127.0265166,2020-08-16
"진달래주유소",영업허가 면적 경계선까지,서울특별시,강남구,주유소,서울특별시 강남구 금연환경 조성 및 간접흡연 피해방지 조례 제5조,,100000,02-3423-7115,서울특별시 강남구 도곡로 208,,서울특별시 강남구청,37.4922037,127.0419554,2020-08-16
"현대오일뱅크㈜직영한양주유소",영업허가 면적 경계선까지,서울특별시,강남구,주유소,서울특별시 강남구 금연환경 조성 및 간접흡연 피해방지 조례 제5조,,100000,02-3423-7115,서울특별시 강남구 압구정로 302,,서울특별시 강남구청,37.52880805,127.0341463,2020-08-16
"개포주유소",영업허가 면적 경계선까지,서울특별시,강남구,주유소,서울특별시 강남구 금연환경 조성 및 간접흡연 피해방지 조례 제5조,,100000,02-3423-7115,서울특별시 강남구 논현로2길 8,,서울특별시 강남구청,37.47211772,127.0513798,2020-08-16
"남부주유소",영업허가 면적 경계선까지,서울특별시,강남구,주유소,서울특별시 강남구 금연환경 조성 및 간접흡연 피해방지 조례 제5조,,100000,02-3423-7115,서울특별시 강남구 선릉로 34,,서울특별시 강남구청,37.4828073,127.0607748,2020-08-16
"대치동주유소",영업허가 면적 경계선까지,서울특별시,강남구,주유소,서울특별시 강남구 금연환경 조성 및 간접흡연 피해방지 조례 제5조,,100000,02-3423-7115,서울특별시 강남구 영동대로 202,,서울특별시 강남구청,37.49712704,127.0705516,2020-08-16
"논현주유소",영업허가 면적 경계선까지,서울특별시,강남구,주유소,서울특별시 강남구 금연환경 조성 및 간접흡연 피해방지 조례 제5조,,100000,02-3423-7115,서울특별시 강남구 논현로 747,,서울특별시 강남구청,37.51853458,127.0282324,2020-08-16
GS칼텍스㈜역삼점,영업허가 면적 경계선까지,서울특별시,강남구,주유소,서울특별시 강남구 금연환경 조성 및 간접흡연 피해방지 조례 제5조,,100000,02-3423-7115,서울특별시 강남구 논현로 426,,서울특별시 강남구청,37.4983335,127.0386177,2020-08-16
"일원주유소",영업허가 면적 경계선까지,서울특별시,강남구,주유소,서울특별시 강남구 금연환경 조성 및 간접흡연 피해방지 조례 제5조,,100000,02-3423-7115,서울특별시 강남구 양재대로55길 3,,서울특별시 강남구청,37.4910205,127.087806,2020-08-16
"압구정주유소",영업허가 면적 경계선까지,서울특별시,강남구,주유소,서울특별시 강남구 금연환경 조성 및 간접흡연 피해방지 조례 제5조,,100000,02-3423-7115,서울특별시 강남구 언주로 842,,서울특별시 강남구청,37.52534831,127.0338026,2020-08-16
"뉴서울주유소",영업허가 면적 경계선까지,서울특별시,강남구,주유소,서울특별시 강남구 금연환경 조성 및 간접흡연 피해방지 조례 제5조,,100000,02-3423-7115,서울특별시 강남구 언주로 716,,서울특별시 강남구청,37.5176359,127.0358217,2020-08-16
SK네트웍스㈜동우주유소,영업허가 면적 경계선까지,서울특별시,강남구,주유소,서울특별시 강남구 금연환경 조성 및 간접흡연 피해방지 조례 제5조,,100000,02-3423-7115,서울특별시 강남구 봉은사로 311,,서울특별시 강남구청,37.5098229,127.0408435,2020-08-16
"동성주유소",영업허가 면적 경계선까지,서울특별시,강남구,주유소,서울특별시 강남구 금연환경 조성 및 간접흡연 피해방지 조례 제5조,,100000,02-3423-7115,서울특별시 강남구 영동대로 621,,서울특별시 강남구청,37.51561122,127.058932,2020-08-16
SK네트웍스㈜삼성주유소,영업허가 면적 경계선까지,서울특별시,강남구,주유소,서울특별시 강남구 금연환경 조성 및 간접흡연 피해방지 조례 제5조,,100000,02-3423-7115,서울특별시 강남구 삼성로 521,,서울특별시 강남구청,37.5085074,127.0552393,2020-08-16
GS칼텍스㈜지에스타워점,영업허가 면적 경계선까지,서울특별시,강남구,주유소,서울특별시 강남구 금연환경 조성 및 간접흡연 피해방지 조례 제5조,,100000,02-3423-7115,서울특별시 강남구 논현로 516,,서울특별시 강남구청,37.50273231,127.036474,2020-08-16
"제이에이치에너지(주)개나리주유소",영업허가 면적 경계선까지,서울특별시,강남구,주유소,서울특별시 강남구 금연환경 조성 및 간접흡연 피해방지 조례 제5조,,100000,02-3423-7115,서울특별시 강남구 언주로 423,,서울특별시 강남구청,37.50080194,127.0430652,2020-08-16
"서광주유소",영업허가 면적 경계선까지,서울특별시,강남구,주유소,서울특별시 강남구 금연환경 조성 및 간접흡연 피해방지 조례 제5조,,100000,02-3423-7115,서울특별시 강남구 역삼로 142,,서울특별시 강남구청,37.4943462,127.0350659,2020-08-16
"대청주유소",영업허가 면적 경계선까지,서울특별시,강남구,주유소,서울특별시 강남구 금연환경 조성 및 간접흡연 피해방지 조례 제5조,,100000,02-3423-7115,서울특별시 강남구 개포로 654,,서울특별시 강남구청,37.49491237,127.0842726,2020-08-16
"㈜한진 도곡주유소",영업허가 면적 경계선까지,서울특별시,강남구,주유소,서울특별시 강남구 금연환경 조성 및 간접흡연 피해방지 조례 제5조,,100000,02-3423-7115,서울특별시 강남구 도곡로 162,,서울특별시 강남구청,37.4910085,127.0377013874,2020-08-16
"신사주유소",영업허가 면적 경계선까지,서울특별시,강남구,주유소,서울특별시 강남구 금연환경 조성 및 간접흡연 피해방지 조례 제5조,,100000,02-3423-7115,서울특별시 강남구 도산대로16길 6,,서울특별시 강남구청,37.51750829,127.024411,2020-08-16
"오일시티주유소",영업허가 면적 경계선까지,서울특별시,강남구,주유소,서울특별시 강남구 금연환경 조성 및 간접흡연 피해방지 조례 제5조,,100000,02-3423-7115,서울특별시 강남구 남부순환로 2718,,서울특별시 강남구청,37.48541625,127.0433067,2020-08-16
SK네트윅스㈜세곡주유소,영업허가 면적 경계선까지,서울특별시,강남구,주유소,서울특별시 강남구 금연환경 조성 및 간접흡연 피해방지 조례 제5조,,100000,02-3423-7115,서울특별시 강남구 헌릉로 731,,서울특별시 강남구청,37.4672103,127.1187128,2020-08-16
"목련타운109동 앞",택시승차대로부터 10m까지,서울특별시,강남구,택시승강장,서울특별시 강남구 금연환경 조성 및 간접흡연 피해방지 조례 제5조,,100000,02-3423-7115,서울특별시 강남구 일원로 127,,서울특별시 강남구청,37.48315884,127.0853816,2020-08-16
"대곡초등앞(대치역6번출구)",택시승차대로부터 10m까지,서울특별시,강남구,택시승강장,서울특별시 강남구 금연환경 조성 및 간접흡연 피해방지 조례 제5조,,100000,02-3423-7115,서울특별시 강남구 삼성로 156,,서울특별시 강남구청,37.4942101,127.0638346,2020-08-16
"엠마케익건너(세븐일레븐앞)",택시승차대로부터 10m까지,서울특별시,강남구,택시승강장,서울특별시 강남구 금연환경 조성 및 간접흡연 피해방지 조례 제5조,,100000,02-3423-7115,서울특별시 강남구 남부순환로 2936,,서울특별시 강남구청,37.4933099,127.0619031,2020-08-16
"대치역(대한투자신탁) 앞",택시승차대로부터 10m까지,서울특별시,강남구,택시승강장,서울특별시 강남구 금연환경 조성 및 간접흡연 피해방지 조례 제5조,,100000,02-3423-7115,서울특별시 강남구 남부순환로 2947,,서울특별시 강남구청,37.4945186,127.0626332,2020-08-16
"시티은행 앞",택시승차대로부터 10m까지,서울특별시,강남구,택시승강장,서울특별시 강남구 금연환경 조성 및 간접흡연 피해방지 조례 제5조,,100000,02-3423-7115,서울특별시 강남구 테헤란로 114,,서울특별시 강남구청,37.4982503,127.0301038,2020-08-16
"농협논현지점 앞",택시승차대로부터 10m까지,서울특별시,강남구,택시승강장,서울특별시 강남구 금연환경 조성 및 간접흡연 피해방지 조례 제5조,,100000,02-3423-7115,서울특별시 강남구 강남대로 488,,서울특별시 강남구청,37.5058792,127.0242552,2020-08-16
"타워팰리스2차 @ 앞",택시승차대로부터 10m까지,서울특별시,강남구,택시승강장,서울특별시 강남구 금연환경 조성 및 간접흡연 피해방지 조례 제5조,,100000,02-3423-7115,서울특별시 강남구 언주로30길 13,,서울특별시 강남구청,37.4881387,127.0506742,2020-08-16
"도곡렉슬@ 입구",택시승차대로부터 10m까지,서울특별시,강남구,택시승강장,서울특별시 강남구 금연환경 조성 및 간접흡연 피해방지 조례 제5조,,100000,02-3423-7115,서울특별시 강남구 도곡로 320,,서울특별시 강남구청,37.4956390045,127.0520027065,2020-08-16
"제일정형외과 앞",택시승차대로부터 10m까지,서울특별시,강남구,택시승강장,서울특별시 강남구 금연환경 조성 및 간접흡연 피해방지 조례 제5조,,100000,02-3423-7115,서울특별시 강남구 테헤란로 328,,서울특별시 강남구청,37.50370862,127.0476607,2020-08-16
"나산빌딩 앞",택시승차대로부터 10m까지,서울특별시,강남구,택시승강장,서울특별시 강남구 금연환경 조성 및 간접흡연 피해방지 조례 제5조,,100000,02-3423-7115,서울특별시 강남구 도곡로 408,,서울특별시 강남구청,37.49662342,127.0552323,2020-08-16
"영동시장입구",택시승차대로부터 10m까지,서울특별시,강남구,택시승강장,서울특별시 강남구 금연환경 조성 및 간접흡연 피해방지 조례 제5조,,100000,02-3423-7115,서울특별시 강남구 강남대로 538,,서울특별시 강남구청,37.5102214,127.0222548,2020-08-16
"신사역조흥은행 앞(영동호텔쪽)",택시승차대로부터 10m까지,서울특별시,강남구,택시승강장,서울특별시 강남구 금연환경 조성 및 간접흡연 피해방지 조례 제5조,,100000,02-3423-7115,서울특별시 강남구 도산대로 122,,서울특별시 강남구청,37.5168147,127.0221321,2020-08-16
"현대APT87동 앞",택시승차대로부터 10m까지,서울특별시,강남구,택시승강장,서울특별시 강남구 금연환경 조성 및 간접흡연 피해방지 조례 제5조,,100000,02-3423-7115,서울특별시 강남구 압구정로 201,,서울특별시 강남구청,37.53153399,127.0292754,2020-08-16
"광림교회 건너",택시승차대로부터 10m까지,서울특별시,강남구,택시승강장,서울특별시 강남구 금연환경 조성 및 간접흡연 피해방지 조례 제5조,,100000,02-3423-7115,서울특별시 강남구 압구정로 201,,서울특별시 강남구청,37.53153399,127.0292754,2020-08-16
"임페리얼호텔 앞",택시승차대로부터 10m까지,서울특별시,강남구,택시승강장,서울특별시 강남구 금연환경 조성 및 간접흡연 피해방지 조례 제5조,,100000,02-3423-7115,서울특별시 강남구 언주로130길 8,,서울특별시 강남구청,37.51471579,127.0361234,2020-08-16
"상아APT 건너",택시승차대로부터 10m까지,서울특별시,강남구,택시승강장,서울특별시 강남구 금연환경 조성 및 간접흡연 피해방지 조례 제5조,,100000,02-3423-7115,서울특별시 강남구 삼성로 646,,서울특별시 강남구청,37.5176452,127.0511449,2020-08-16
"상아APT 앞",택시승차대로부터 10m까지,서울특별시,강남구,택시승강장,서울특별시 강남구 금연환경 조성 및 간접흡연 피해방지 조례 제5조,,100000,02-3423-7115,서울특별시 강남구 삼성로 635,,서울특별시 강남구청,37.5165461,127.0510559,2020-08-16
"삼원가든 앞",택시승차대로부터 10m까지,서울특별시,강남구,택시승강장,서울특별시 강남구 금연환경 조성 및 간접흡연 피해방지 조례 제5조,,100000,02-3423-7115,서울특별시 강남구 언주로 835,,서울특별시 강남구청,37.52525129,127.0327708,2020-08-16
"서울세관(통계청) 건너",택시승차대로부터 10m까지,서울특별시,강남구,택시승강장,서울특별시 강남구 금연환경 조성 및 간접흡연 피해방지 조례 제5조,,100000,02-3423-7115,서울특별시 강남구 언주로 726,,서울특별시 강남구청,37.5193432,127.0351842,2020-08-16
"경복APT(B동) 앞",택시승차대로부터 10m까지,서울특별시,강남구,택시승강장,서울특별시 강남구 금연환경 조성 및 간접흡연 피해방지 조례 제5조,,100000,02-3423-7115,서울특별시 강남구 언주로 604,,서울특별시 강남구청,37.50952888,127.0384192,2020-08-16
"강남구청 건너",택시승차대로부터 10m까지,서울특별시,강남구,택시승강장,서울특별시 강남구 금연환경 조성 및 간접흡연 피해방지 조례 제5조,,100000,02-3423-7115,서울특별시 강남구 삼성로133길 3,,서울특별시 강남구청,37.5196064,127.0492069,2020-08-16
COEX 앞,택시승차대로부터 10m까지,서울특별시,강남구,택시승강장,서울특별시 강남구 금연환경 조성 및 간접흡연 피해방지 조례 제5조,,100000,02-3423-7115,서울특별시 강남구 영동대로 520,,서울특별시 강남구청,37.513696,127.0611383,2020-08-16
"한국전력 앞",택시승차대로부터 10m까지,서울특별시,강남구,택시승강장,서울특별시 강남구 금연환경 조성 및 간접흡연 피해방지 조례 제5조,,100000,02-3423-7115,서울특별시 강남구 영동대로 512,,서울특별시 강남구청,37.51330248,127.0631197,2020-08-16
"그랑프리백화점 앞",택시승차대로부터 10m까지,서울특별시,강남구,택시승강장,서울특별시 강남구 금연환경 조성 및 간접흡연 피해방지 조례 제5조,,100000,02-3423-7115,서울특별시 강남구 선릉로 120,,서울특별시 강남구청,37.49160529,127.058004,2020-08-16
"신사역 가로수길 앞",택시승차대로부터 10m까지,서울특별시,강남구,택시승강장,서울특별시 강남구 금연환경 조성 및 간접흡연 피해방지 조례 제5조,,100000,02-3423-7115,서울특별시 강남구 도산대로 133,,서울특별시 강남구청,37.51792664,127.0230079,2020-08-16
"강남구청사 및 광장",시설전체,서울특별시,강남구,지방자치단체청사,서울특별시 강남구 금연환경 조성 및 간접흡연 피해방지 조례 제5조,15550,100000,02-3423-7115,서울특별시 강남구 학동로 426,,서울특별시 강남구청,37.51796636,127.0470611,2020-08-16
"포이동마을마당",시설전체,서울특별시,강남구,마을마당,서울특별시 강남구 금연환경 조성 및 간접흡연 피해방지 조례 제5조,554,100000,02-3423-7115,서울특별시 강남구 논현로4길 20,,서울특별시 강남구청,37.47291764,127.0517846,2020-08-16
"삼성동마을마당",시설전체,서울특별시,강남구,마을마당,서울특별시 강남구 금연환경 조성 및 간접흡연 피해방지 조례 제5조,202,100000,02-3423-7115,서울특별시 강남구 봉은사로63길 25,,서울특별시 강남구청,37.5129376,127.0465105,2020-08-16
"대치동 마을마당",시설전체,서울특별시,강남구,마을마당,서울특별시 강남구 금연환경 조성 및 간접흡연 피해방지 조례 제5조,324,100000,02-3423-7115,서울특별시 강남구 남부순환로391길 7,,서울특별시 강남구청,37.4924297,127.0571611,2020-08-16
"싸리고개마을마당",시설전체,서울특별시,강남구,마을마당,서울특별시 강남구 금연환경 조성 및 간접흡연 피해방지 조례 제5조,723,100000,02-3423-7115,서울특별시 강남구 도곡로4길 19,,서울특별시 강남구청,37.488988,127.0340804,2020-08-16
"대치동 우리동네 숲",시설전체,서울특별시,강남구,마을마당,서울특별시 강남구 금연환경 조성 및 간접흡연 피해방지 조례 제5조,223,100000,02-3423-7115,서울특별시 강남구 삼성로72길 33-6,,서울특별시 강남구청,37.50271075,127.0622151,2020-08-16
"역삼롯데앞 마을마당",시설전체,서울특별시,강남구,마을마당,서울특별시 강남구 금연환경 조성 및 간접흡연 피해방지 조례 제5조,465,100000,02-3423-7115,서울특별시 강남구 도곡로13길 19,,서울특별시 강남구청,37.49258001,127.0356714,2020-08-16
"서울논현초등학교 주변 보도","강남대로 122길(30m), 강남대로 120길(46m), 봉은사로 7길(40m)",서울특별시,강남구,거리,서울특별시 강남구 금연환경 조성 및 간접흡연 피해방지 조례 제5조,,100000,02-3423-7115,서울특별시 강남구 강남대로120길 33,,서울특별시 강남구청,37.50849066,127.0262217,2020-08-16
"남부순환로남측 군인공제회관 사잇길",군인공제회관과 타워팰리스 2차 사잇길 양측 보도 및 차도 105m,서울특별시,강남구,거리,서울특별시 강남구 금연환경 조성 및 간접흡연 피해방지 조례 제5조,,100000,02-3423-7115,서울특별시 강남구 남부순환로 2806,,서울특별시 강남구청,37.48911008,127.0529137,2020-08-16
"남부순환로남측 매봉터널보도",매봉터널사거리~도곡역 4번출구 사이 보도 510m,서울특별시,강남구,거리,서울특별시 강남구 금연환경 조성 및 간접흡연 피해방지 조례 제5조,,100000,02-3423-7115,서울특별시 강남구 남부순환로 지하2814,,서울특별시 강남구청,37.49086414,127.0553258,2020-08-16
"대치동 학원가주변 도곡동길",도곡동길 : 롯데백화점 ~ 대치래미안하이스턴아파트사거리사이 양측보도,서울특별시,강남구,거리,서울특별시 강남구 금연환경 조성 및 간접흡연 피해방지 조례 제5조,,100000,02-3423-7115,서울특별시 강남구 도곡로 401,,서울특별시 강남구청,37.49697752,127.053259,2020-08-16
"대치동 학원가주변 삼성로",삼성로 : 대치사거리 ~ 한티근린공원 사이 양측보도,서울특별시,강남구,거리,서울특별시 강남구 금연환경 조성 및 간접흡연 피해방지 조례 제5조,,100000,02-3423-7115,서울특별시 강남구 삼성로 352,,서울특별시 강남구청,37.5030018,127.0590832,2020-08-16
